tempo_ms,angulo_deg,u_pct,referencia
12,-1.61,59.50,45.11
22,-1.61,27.57,45.21
32,-1.61,27.93,45.30
42,-1.61,28.34,45.40
53,-1.61,28.60,45.51
62,-1.63,29.43,45.59
72,3.81,-80.00,45.69
82,3.68,31.69,45.79
93,3.60,31.23,45.89
102,3.50,31.95,45.98
112,3.40,32.14,46.08
122,3.31,32.65,46.18
132,3.24,32.50,46.28
142,3.15,33.12,46.38
152,3.08,33.31,46.48
162,2.99,34.12,46.58
172,2.92,34.04,46.68
297,3.33,25.21,47.98
308,3.25,35.51,48.10
318,3.37,31.81,48.21
328,3.54,30.93,48.31
337,3.75,30.45,48.41
347,4.06,28.79,48.52
358,4.40,28.22,48.64
368,4.75,28.02,48.75
378,5.10,28.32,48.85
387,5.44,28.67,48.95
398,5.78,28.92,49.07
408,6.12,28.90,49.18
418,6.49,28.59,49.30
427,6.89,27.92,49.40
438,7.32,27.63,49.52
448,7.73,27.95,49.63
458,8.14,28.16,49.74
468,8.58,27.59,49.85
478,9.05,27.10,49.97
488,9.54,26.83,50.08
498,10.00,27.34,50.19
508,10.46,27.44,50.31
517,10.95,26.93,50.41
528,11.46,26.54,50.54
538,11.96,26.89,50.65
548,12.45,26.89,50.77
558,12.96,26.66,50.88
568,13.48,26.48,51.00
578,13.99,26.67,51.11
588,14.49,26.90,51.23
598,15.02,26.33,51.35
609,15.55,26.37,51.47
618,16.09,26.08,51.58
628,16.63,26.25,51.70
638,17.15,26.37,51.82
649,17.68,26.33,51.95
658,18.21,26.29,52.05
668,18.73,26.38,52.17
678,19.26,26.43,52.29
688,19.78,26.43,52.41
699,20.28,26.74,52.54
708,20.78,26.77,52.65
718,21.28,26.98,52.77
728,21.76,27.19,52.89
739,22.26,26.72,53.02
749,22.73,27.39,53.15
758,23.20,27.38,53.25
768,23.68,27.29,53.38
779,24.12,28.02,53.51
789,24.56,28.02,53.63
798,24.99,28.12,53.74
808,25.41,28.54,53.87
819,25.82,28.61,54.00
829,26.23,28.70,54.12
839,26.60,29.47,54.25
848,26.99,29.17,54.36
858,27.35,29.79,54.48
869,27.72,29.77,54.62
879,28.07,30.04,54.74
889,28.40,30.53,54.87
898,28.71,30.96,54.98
909,29.04,30.82,55.12
919,29.35,31.18,55.24
929,29.62,31.95,55.37
938,29.88,32.22,55.48
949,30.15,32.20,55.62
959,30.43,32.16,55.74
969,30.70,32.45,55.87
979,30.93,33.19,56.00
989,31.15,33.72,56.12
999,31.35,34.05,56.25
1009,31.54,34.37,56.38
1019,31.75,34.15,56.50
1028,31.98,33.96,56.62
1039,32.20,34.11,56.76
1049,32.42,34.25,56.88
1059,32.63,34.73,57.01
1069,32.82,35.00,57.14
1079,33.00,35.49,57.27
1089,33.16,36.03,57.40
1099,33.31,36.24,57.52
1109,33.46,36.57,57.65
1119,33.59,37.01,57.78
1129,33.71,37.38,57.91
1139,33.82,37.82,58.04
1149,33.92,38.24,58.16
1160,34.02,38.36,58.31
1169,34.12,38.48,58.42
1179,34.22,38.79,58.55
1189,34.31,39.10,58.68
1199,34.40,39.25,58.81
1210,34.50,39.19,58.95
1219,34.61,39.20,59.07
1229,34.70,39.76,59.19
1239,34.81,39.70,59.32
1250,34.91,39.87,59.47
1259,35.00,40.47,59.58
1269,35.10,40.25,59.71
1279,35.20,40.43,59.84
1290,35.31,40.57,59.98
1300,35.43,40.50,60.11
1309,35.53,41.03,60.23
1319,35.65,40.75,60.36
1330,35.77,41.00,60.50
1340,35.90,41.02,60.63
1350,36.03,41.08,60.76
1359,36.17,40.98,60.87
1369,36.31,41.23,61.00
1380,36.46,41.28,61.14
1390,36.60,41.47,61.27
1399,36.75,41.44,61.39
1409,36.91,41.46,61.52
1420,37.07,41.51,61.66
1430,37.24,41.46,61.79
1440,37.41,41.67,61.91
1449,37.60,41.50,62.03
1460,37.78,41.61,62.17
1470,37.99,41.28,62.30
1480,38.18,41.80,62.43
1489,38.39,41.50,62.54
1499,38.60,41.55,62.67
1510,38.82,41.49,62.81
1520,39.04,41.51,62.94
1530,39.27,41.46,63.06
1539,39.52,41.29,63.18
1550,39.74,41.70,63.32
1560,40.00,41.25,63.44
1570,40.25,41.45,63.57
1579,40.50,41.53,63.68
1590,40.76,41.42,63.82
1600,41.03,41.28,63.95
1610,41.31,41.17,64.07
1620,41.60,41.00,64.20
1630,41.87,41.43,64.32
1640,42.16,40.93,64.45
1650,42.46,41.15,64.57
1660,42.75,41.18,64.70
1669,43.05,40.93,64.81
1680,43.35,41.11,64.95
1690,43.66,40.90,65.07
1700,43.96,41.09,65.19
1710,44.28,40.79,65.31
1720,44.59,41.09,65.44
1730,44.91,40.92,65.56
1740,45.23,40.77,65.68
1750,45.55,40.97,65.80
1761,45.86,41.00,65.94
1770,46.18,41.02,66.05
1780,46.50,40.82,66.17
1790,46.82,41.13,66.29
1801,47.14,40.83,66.42
1810,47.46,41.04,66.52
1820,47.79,40.85,66.64
1830,48.10,41.17,66.76
1840,48.41,41.07,66.88
1851,48.74,40.92,67.01
1860,49.06,40.98,67.12
1870,49.38,41.08,67.23
1880,49.70,40.91,67.35
1891,50.03,40.93,67.48
1900,50.34,41.09,67.58
1910,50.65,41.25,67.69
1920,50.97,41.00,67.81
1931,51.28,41.23,67.93
1941,51.59,41.23,68.05
1950,51.88,41.50,68.15
1960,52.18,41.39,68.26
1971,52.48,41.51,68.38
1981,52.77,41.64,68.50
1991,53.06,41.63,68.61
2000,53.35,41.54,68.70
2010,53.63,41.70,68.81
2021,53.90,42.07,68.93
2031,54.18,41.85,69.04
2041,54.45,42.06,69.15
2050,54.71,42.15,69.25
2061,54.97,42.27,69.36
2071,55.23,42.24,69.47
2081,55.47,42.54,69.57
2090,55.72,42.56,69.67
2101,55.96,42.59,69.78
2111,56.21,42.56,69.88
2121,56.45,42.68,69.99
2131,56.68,42.84,70.09
2141,56.92,42.84,70.19
2151,57.14,43.10,70.29
2161,57.37,43.01,70.39
2171,57.59,43.18,70.49
2181,57.80,43.29,70.59
2191,58.02,43.19,70.68
2201,58.22,43.54,70.78
2211,58.43,43.44,70.87
2221,58.64,43.53,70.97
2231,58.84,43.69,71.06
2241,59.04,43.73,71.16
2251,59.23,43.83,71.25
2261,59.42,44.00,71.34
2272,59.61,43.97,71.44
2281,59.80,44.00,71.52
2291,59.98,44.25,71.61
2301,60.17,44.03,71.70
2312,60.35,44.15,71.79
2322,60.53,44.40,71.88
2331,60.71,44.23,71.96
2341,60.88,44.51,72.04
2351,61.05,44.51,72.12
2362,61.23,44.40,72.21
2371,61.39,44.65,72.29
2381,61.56,44.75,72.37
2391,61.73,44.47,72.45
2402,61.90,44.65,72.53
2412,62.07,44.79,72.61
2421,62.23,44.71,72.68
2431,62.41,44.67,72.75
2442,62.57,44.75,72.84
2452,62.74,44.72,72.91
2461,62.91,44.69,72.97
2471,63.08,44.84,73.05
2482,63.24,45.04,73.12
2492,63.40,44.91,73.19
2502,63.57,44.77,73.26
2511,63.73,44.84,73.32
2521,63.89,44.98,73.39
2532,64.05,45.06,73.46
2542,64.21,45.05,73.52
2552,64.37,45.01,73.58
2561,64.50,45.53,73.64
2572,64.65,45.22,73.70
2582,64.81,45.17,73.76
2592,64.95,45.32,73.82
2601,65.09,45.46,73.87
2612,65.24,45.33,73.93
2622,65.39,45.27,73.98
2632,65.53,45.51,74.04
2642,65.65,45.87,74.09
2651,65.75,46.34,74.13
2662,65.83,46.75,74.19
2672,65.88,47.36,74.23
2682,65.89,48.29,74.28
2692,65.90,48.35,74.32
2702,65.90,48.63,74.37
2712,65.78,51.11,74.41
2722,65.63,52.05,74.45
2732,65.59,49.79,74.49
2742,65.64,48.22,74.53
2752,65.76,46.73,74.56
2762,65.88,46.63,74.60
2772,66.02,46.49,74.63
2783,66.12,47.15,74.67
2792,66.22,47.15,74.70
2802,66.36,46.37,74.72
2812,66.52,45.88,74.75
2822,66.68,45.96,74.78
2832,66.84,45.77,74.80
2842,66.95,47.05,74.83
2852,66.99,48.24,74.85
2862,67.05,47.99,74.87
2873,67.11,47.99,74.89
2882,67.23,46.78,74.91
2892,67.38,46.07,74.92
2902,67.56,45.60,74.94
2913,67.72,45.81,74.95
2923,67.90,45.46,74.96
2932,68.09,45.25,74.97
2942,68.26,45.49,74.98
2953,68.41,45.82,74.99
2963,68.54,46.22,74.99
2972,68.66,46.47,75.00
2982,68.71,47.82,75.00
2992,68.77,47.68,75.00
3003,68.83,47.57,75.00
3013,68.93,46.95,75.00
3022,69.07,45.85,74.99
3032,69.23,45.55,74.99
3043,69.43,44.79,74.98
3053,69.60,45.04,74.97
3062,69.77,45.22,74.96
3072,69.94,44.95,74.94
3083,70.10,45.20,74.93
3093,70.23,45.64,74.91
3103,70.33,46.24,74.89
3112,70.34,48.26,74.87
3123,70.31,48.81,74.85
3133,70.34,47.72,74.83
3143,70.44,46.33,74.80
3152,70.59,45.14,74.78
3162,70.77,44.56,74.75
3173,70.96,44.16,74.72
3183,71.15,44.21,74.68
3193,71.30,44.77,74.65
3202,71.45,44.83,74.62
3213,71.53,46.05,74.58
3223,71.60,46.26,74.54
3233,71.69,45.74,74.50
3242,71.73,46.67,74.46
3253,71.78,46.63,74.41
3263,71.78,47.58,74.36
3273,71.80,47.02,74.31
3283,71.85,46.41,74.26
3293,71.91,46.26,74.21
3303,71.94,46.74,74.15
3313,71.95,47.10,74.10
3323,71.96,47.11,74.04
3333,71.99,46.61,73.98
3343,72.10,45.03,73.92
3353,72.24,44.42,73.85
3363,72.36,44.57,73.79
3373,72.49,44.25,73.72
3383,72.59,44.72,73.65
3393,72.66,45.42,73.58
3403,72.71,45.46,73.51
3413,72.78,45.26,73.43
3424,72.83,45.51,73.35
3433,72.86,45.74,73.27
3443,72.86,46.38,73.19
3453,72.90,45.61,73.11
3464,72.92,45.80,73.02
3473,72.95,45.73,72.94
3483,72.94,46.23,72.85
3493,72.94,46.10,72.76
3503,72.94,45.99,72.67
3514,72.95,45.82,72.56
3523,72.96,45.75,72.47
3533,72.95,46.07,72.38
3543,72.92,46.43,72.27
3554,72.90,46.21,72.16
3563,72.88,45.96,72.07
3573,72.92,44.88,71.96
3583,72.96,44.77,71.85
3594,72.96,45.43,71.73
3604,72.92,46.12,71.62
3613,72.89,45.95,71.51
3623,72.91,44.82,71.40
3634,72.90,45.42,71.26
3644,72.88,45.58,71.14
3654,72.82,46.16,71.02
3663,72.79,45.66,70.91
3673,72.77,45.37,70.78
3684,72.75,45.17,70.64
3694,72.74,45.00,70.51
3703,72.72,45.06,70.39
3713,72.68,45.45,70.25
3724,72.66,44.93,70.10
3734,72.67,44.07,69.96
3744,73.02,37.06,69.82
3753,73.00,44.51,69.69
3764,72.96,44.64,69.54
3774,72.94,44.31,69.39
3784,72.95,43.60,69.24
3793,72.95,43.52,69.10
3803,72.95,43.50,68.95
3814,72.95,43.33,68.78
3824,72.98,42.62,68.62
3834,73.05,41.67,68.46
3843,73.12,41.51,68.32
3854,73.20,41.22,68.14
3864,73.27,41.10,67.97
3874,73.33,41.35,67.81
3883,73.36,41.60,67.66
3894,73.40,41.30,67.47
3904,73.42,41.48,67.29
3914,73.44,41.43,67.12
3924,73.46,41.17,66.94
3934,73.47,41.30,66.76
3944,73.47,41.31,66.58
3954,73.47,41.17,66.40
3964,73.45,41.44,66.22
3973,73.43,41.18,66.05
3984,73.41,41.23,65.84
3994,73.38,41.17,65.65
4004,73.35,41.05,65.46
4014,73.31,41.19,65.27
4024,73.26,41.08,65.07
4034,73.20,41.15,64.87
4044,73.15,41.02,64.67
4054,73.08,41.06,64.47
4065,73.01,41.08,64.25
4074,72.93,41.00,64.06
4084,72.83,41.47,63.85
4094,72.71,41.60,63.65
4105,72.59,41.55,63.41
4114,72.45,41.81,63.22
4124,72.32,41.58,63.01
4134,72.17,41.69,62.79
4144,72.02,41.78,62.57
4155,71.87,41.58,62.33
4164,71.71,41.66,62.13
4174,71.55,41.67,61.91
4184,71.37,41.91,61.68
4195,71.20,41.62,61.43
4204,71.02,41.81,61.23
4214,70.84,41.67,61.00
4224,70.65,41.64,60.77
4235,70.46,41.80,60.51
4245,70.26,41.65,60.28
4254,70.05,41.90,60.06
4264,69.84,41.78,59.82
4275,69.63,41.80,59.56
4285,69.41,41.75,59.32
4294,69.19,41.73,59.10
4304,68.97,41.83,58.85
4314,68.74,41.65,58.61
4325,68.52,41.67,58.34
4335,68.28,41.80,58.09
4344,68.05,41.57,57.86
4354,67.81,41.67,57.61
4365,67.57,41.63,57.33
4375,67.33,41.61,57.07
4384,67.09,41.47,56.84
4394,66.84,41.54,56.58
4405,66.60,41.32,56.30
4415,66.36,41.20,56.04
4425,66.12,41.16,55.77
4434,65.87,41.12,55.54
4445,65.63,41.10,55.25
4455,65.39,40.91,54.98
4465,65.14,41.06,54.71
4474,64.89,40.84,54.47
4484,64.64,40.89,54.20
4495,64.38,40.89,53.90
4505,64.13,40.70,53.63
4515,63.87,40.81,53.35
4524,63.63,40.51,53.11
4535,63.37,40.62,52.80
4545,63.11,40.42,52.53
4555,62.86,40.44,52.25
4564,62.60,40.32,52.00
4575,62.34,40.26,51.69
4585,62.09,40.11,51.41
4595,61.83,40.12,51.12
4605,61.57,40.09,50.84
4614,61.30,40.17,50.58
4625,61.04,39.90,50.27
4635,60.77,39.99,49.98
4645,60.52,39.61,49.70
4654,60.25,39.84,49.44
4665,59.98,39.59,49.12
4675,59.72,39.55,48.83
4685,59.46,39.36,48.54
4695,59.20,39.32,48.25
4705,58.93,39.28,47.96
4715,58.67,39.22,47.66
4725,58.41,38.96,47.37
4735,58.14,39.03,47.08
4745,57.88,38.86,46.78
4755,57.61,38.90,46.49
4765,57.35,38.81,46.19
4775,57.07,38.84,45.89
4786,56.81,38.61,45.57
4795,56.53,38.59,45.30
4805,56.27,38.28,45.00
4815,56.01,38.35,44.70
4825,55.74,38.27,44.40
4835,55.46,38.39,44.11
4845,55.19,38.01,43.81
4855,54.92,38.10,43.51
4865,54.65,37.99,43.21
4876,54.37,38.01,42.88
4885,54.09,37.87,42.61
4895,53.81,37.81,42.31
4905,53.54,37.67,42.01
4916,53.26,37.65,41.67
4925,52.98,37.67,41.40
4935,52.71,37.28,41.10
4945,52.43,37.39,40.80
4955,52.15,37.34,40.50
4966,51.86,37.29,40.17
4975,51.58,37.22,39.90
4985,51.31,36.79,39.60
4995,51.02,37.15,39.30
5006,50.71,37.46,38.97
5015,50.43,36.89,38.70
5025,50.14,36.91,38.40
5035,49.82,37.40,38.10
5046,49.49,37.75,37.77
5056,49.17,37.14,37.47
5065,48.89,36.52,37.20
5075,48.48,38.95,36.90
5086,48.18,36.71,36.57
5096,47.86,37.17,36.28
5105,47.54,37.01,36.01
5115,47.22,36.92,35.71
5125,46.93,36.33,35.42
5136,46.59,37.25,35.09
5146,46.30,36.06,34.80
5155,45.97,37.01,34.54
5165,45.67,36.07,34.24
5176,45.37,36.11,33.92
5186,45.05,36.49,33.63
5195,44.78,35.52,33.37
5205,44.53,34.86,33.08
5216,44.27,35.11,32.76
5226,44.02,34.66,32.47
5236,43.78,34.28,32.19
5245,43.55,34.25,31.93
5256,43.31,34.07,31.62
5266,43.08,33.95,31.33
5276,42.85,33.81,31.05
5285,42.61,33.86,30.80
5295,42.38,33.43,30.52
5306,42.15,33.55,30.21
5316,41.91,33.48,29.94
5326,41.67,33.41,29.66
5335,41.43,33.33,29.41
5346,41.20,33.14,29.11
5356,40.97,32.99,28.84
5366,40.72,33.18,28.57
5375,40.46,33.32,28.33
5386,40.22,33.03,28.04
5396,39.98,32.74,27.77
5406,39.74,32.58,27.51
5416,39.50,32.64,27.25
5426,39.24,32.89,26.98
5436,38.97,32.93,26.73
5446,38.70,33.02,26.47
5456,38.44,32.68,26.21
5466,38.20,32.18,25.96
5476,37.97,31.99,25.71
5486,37.73,31.98,25.46
5496,37.48,32.09,25.21
5506,37.23,32.06,24.97
5516,36.97,32.12,24.73
5526,36.71,32.18,24.49
5536,36.43,32.36,24.25
5546,36.16,32.19,24.01
5557,35.89,32.06,23.75
5566,35.63,31.82,23.54
5576,35.38,31.64,23.31
5586,35.14,31.44,23.09
5597,34.89,31.30,22.84
5606,34.66,30.97,22.64
5616,34.43,30.98,22.42
5626,34.18,31.18,22.20
5636,33.94,30.95,21.99
5647,33.70,31.05,21.75
5656,33.45,30.98,21.56
5666,33.21,30.86,21.36
5676,32.96,30.83,21.15
5687,32.71,30.88,20.93
5696,32.48,30.51,20.75
5706,32.24,30.55,20.56
5716,32.01,30.42,20.36
5727,31.77,30.39,20.15
5737,31.54,30.28,19.96
5746,31.31,30.08,19.80
5756,31.09,29.89,19.62
5766,30.87,29.92,19.44
5777,30.65,29.74,19.24
5786,30.43,29.86,19.09
5796,30.22,29.56,18.92
5806,29.98,29.97,18.75
5817,29.73,30.20,18.57
5827,29.48,30.23,18.41
5836,29.21,30.79,18.27
5846,28.91,31.06,18.12
5857,28.64,30.80,17.95
5867,28.37,30.66,17.81
5876,28.12,30.20,17.68
5886,27.90,29.47,17.54
5897,27.69,29.43,17.39
5907,27.48,29.43,17.26
5916,27.26,29.44,17.14
5926,27.03,29.80,17.01
5936,26.76,30.48,16.89
5947,26.49,30.70,16.76
5957,26.22,30.58,16.64
5966,25.97,30.16,16.54
5976,25.75,29.59,16.44
5987,25.55,29.37,16.32
5997,25.35,29.11,16.22
6007,25.15,29.19,16.12
6016,24.94,29.39,16.04
6027,24.71,29.81,15.94
6037,24.47,30.25,15.86
6047,24.23,30.09,15.78
6056,24.01,29.62,15.71
6067,23.81,29.31,15.63
6077,23.64,28.79,15.56
6087,23.47,28.78,15.49
6097,23.28,29.16,15.43
6106,23.09,29.27,15.38
6117,22.90,29.22,15.32
6127,22.73,28.86,15.27
6137,22.58,28.40,15.22
6146,22.43,28.50,15.19
6157,22.26,29.08,15.15
6167,22.07,29.37,15.11
6177,21.89,29.13,15.08
6187,21.74,28.52,15.06
6197,21.62,28.05,15.04
6207,21.50,28.13,15.02
6217,21.35,28.68,15.01
6227,21.20,28.85,15.00
6237,21.06,28.52,15.00
6247,20.94,28.07,15.00
6257,20.83,28.05,15.01
6267,20.71,28.44,15.02
6277,20.56,28.79,15.03
6287,20.45,28.25,15.05
6297,20.36,27.69,15.07
6307,20.29,27.47,15.10
6317,20.20,27.95,15.13
6328,20.09,28.29,15.17
6337,19.99,28.08,15.21
6347,19.93,27.42,15.25
6357,19.87,27.41,15.30
6368,19.78,28.08,15.36
6377,19.72,27.59,15.41
6387,19.67,27.32,15.47
6397,19.60,27.76,15.54
6408,19.53,27.83,15.62
6418,19.49,27.31,15.69
6427,19.45,27.25,15.77
6437,19.40,27.75,15.85
6447,19.35,27.61,15.94
6458,19.32,27.33,16.04
6467,19.29,27.31,16.13
6477,19.25,27.57,16.23
6487,19.21,27.60,16.34
6498,19.21,27.11,16.46
6508,19.19,27.34,16.58
6517,19.16,27.66,16.69
6527,19.15,27.26,16.81
6538,19.14,27.34,16.96
6548,19.13,27.51,17.09
6558,19.11,27.66,17.23
6567,19.13,27.13,17.36
6578,19.12,27.54,17.52
6588,19.13,27.54,17.67
6598,19.13,27.54,17.83
6607,19.15,27.23,17.97
6617,19.16,27.67,18.14
6628,19.18,27.35,18.32
6638,19.20,27.66,18.50
6648,19.21,27.89,18.67
6657,19.22,27.95,18.84
6668,19.25,27.52,19.04
6678,19.27,28.07,19.24
6688,19.29,28.01,19.43
6697,19.32,27.92,19.61
6708,19.35,28.00,19.84
6718,19.37,28.41,20.04
6728,19.39,28.33,20.26
6738,19.44,28.10,20.47
6747,19.46,28.61,20.67
6758,19.49,28.70,20.92
6768,19.53,28.41,21.15
6778,19.58,28.58,21.38
6787,19.60,28.99,21.59
6798,19.63,29.30,21.86
6808,19.68,28.72,22.11
6818,19.74,28.87,22.35
6828,19.77,29.52,22.61
6838,19.81,29.49,22.87
6848,19.87,29.27,23.13
6858,19.92,29.37,23.39
6868,19.97,29.71,23.66
6879,20.03,29.77,23.96
6888,20.09,29.87,24.21
6898,20.13,30.34,24.49
6908,20.18,30.41,24.78
6918,20.23,30.45,25.06
6928,20.30,30.29,25.35
6938,20.36,30.59,25.65
6948,20.41,31.01,25.95
6958,20.45,31.47,26.25
6969,20.50,31.38,26.59
6978,20.58,30.92,26.87
6988,20.67,30.94,27.18
6998,20.75,31.47,27.49
7009,20.80,32.02,27.85
7018,20.85,32.34,28.14
7028,20.91,32.46,28.46
7038,21.00,31.94,28.79
7049,21.10,31.91,29.16
7059,21.19,32.20,29.49
7068,21.28,32.49,29.80
7078,21.36,32.91,30.14
7088,21.42,33.63,30.48
7099,21.47,33.96,30.86
7108,21.55,33.68,31.18
7118,21.65,33.30,31.53
7128,21.78,33.04,31.89
7139,21.92,33.11,32.28
7149,22.07,33.00,32.64
7158,22.23,32.99,32.97
7168,22.39,33.22,33.33
7179,22.55,33.36,33.74
7189,22.71,33.56,34.11
7199,22.87,33.76,34.48
7208,23.04,33.84,34.82
7219,23.20,34.13,35.23
7229,23.37,34.16,35.61
7239,23.54,34.43,36.00
7248,23.70,34.74,36.34
7258,23.86,35.02,36.73
7269,24.03,35.04,37.15
7279,24.19,35.40,37.54
7289,24.35,35.65,37.93
7298,24.50,36.03,38.29
7309,24.65,36.44,38.72
7319,24.79,36.75,39.12
7329,24.94,36.78,39.51
7338,25.11,36.64,39.87
7349,25.30,36.53,40.31
7359,25.50,36.40,40.72
7369,25.69,36.94,41.12
7378,25.89,36.99,41.48
7389,26.11,36.69,41.93
7399,26.35,36.67,42.33
7409,26.57,37.16,42.74
7419,26.79,37.31,43.15
7428,27.03,37.20,43.52
7439,27.29,37.06,43.97
7449,27.55,37.15,44.38
7459,27.80,37.54,44.79
7469,28.06,37.59,45.20
7479,28.34,37.38,45.61
7489,28.62,37.54,46.02
7499,28.89,37.98,46.43
7509,29.18,37.85,46.84
7519,29.48,37.61,47.25
7529,29.77,38.14,47.67
7539,30.08,37.94,48.08
7549,30.39,38.08,48.49
7560,30.69,38.44,48.94
7569,31.00,38.55,49.31
7579,31.33,38.21,49.72
7589,31.67,38.28,50.13
7599,31.98,38.85,50.54
7609,32.32,38.51,50.95
7619,32.66,38.67,51.36
7629,33.02,38.47,51.77
7639,33.38,38.65,52.17
7650,33.74,38.84,52.62
7659,34.10,38.76,52.98
7669,34.47,38.85,53.39
7679,34.84,38.98,53.79
7690,35.23,38.79,54.23
7699,35.61,39.08,54.59
7709,35.99,39.16,54.99
7719,36.39,39.03,55.38
7730,36.77,39.33,55.82
7740,37.17,39.33,56.21
7749,37.55,39.64,56.56
7759,37.94,39.73,56.95
7769,38.33,39.58,57.34
7780,38.72,39.96,57.76
7789,39.12,39.80,58.11
7799,39.52,40.05,58.49
7809,39.92,40.01,58.87
7820,40.32,40.06,59.28
7830,40.72,40.40,59.65
7839,41.12,40.20,59.99
7849,41.52,40.57,60.36
7860,41.92,40.51,60.76
7870,42.33,40.66,61.12
7880,42.74,40.58,61.48
7889,43.15,40.60,61.80
7899,43.56,40.67,62.16
7910,43.98,40.77,62.54
7920,44.39,40.85,62.89
7929,44.81,40.90,63.20
7939,45.23,40.91,63.54
7950,45.64,41.08,63.91
7960,46.06,41.10,64.24
7970,46.47,41.25,64.57
7979,46.89,41.24,64.86
7990,47.30,41.46,65.22
8000,47.72,41.33,65.54
8010,48.14,41.36,65.85
8019,48.55,41.55,66.13
8030,48.97,41.53,66.47
8040,49.37,41.79,66.77
8050,49.79,41.78,67.07
8060,50.19,41.88,67.36
8069,50.61,41.68,67.62
8080,51.01,42.11,67.93
8090,51.42,41.90,68.21
8100,51.83,42.18,68.48
8109,52.23,42.04,68.73
8120,52.63,42.23,69.02
8130,53.05,42.05,69.28
8140,53.45,42.26,69.54
8150,53.86,42.14,69.79
8160,54.25,42.36,70.03
8170,54.65,42.33,70.27
8180,55.05,42.38,70.51
8190,55.45,42.42,70.74
8200,55.84,42.46,70.96
8210,56.23,42.59,71.18
8220,56.62,42.58,71.39
8230,57.01,42.58,71.60
8240,57.39,42.70,71.80
8250,57.78,42.58,72.00
8260,58.16,42.62,72.19
8270,58.54,42.69,72.37
8280,58.93,42.52,72.55
8290,59.31,42.69,72.73
8300,59.69,42.47,72.89
8310,60.07,42.65,73.06
8320,60.43,42.82,73.21
8331,60.80,42.72,73.37
8340,61.17,42.73,73.50
8350,61.52,42.86,73.64
8360,61.88,42.82,73.77
8371,62.21,43.18,73.91
8380,62.56,42.87,74.01
8390,62.90,43.05,74.12
8400,63.23,43.07,74.23
8410,63.56,43.14,74.33
8421,63.87,43.33,74.43
8430,64.18,43.26,74.50
8440,64.49,43.41,74.58
8450,64.78,43.63,74.65
8461,65.07,43.48,74.72
8470,65.35,43.73,74.78
8480,65.61,44.00,74.83
8490,65.88,43.80,74.87
8501,66.13,43.99,74.92
8511,66.38,44.12,74.95
8520,66.63,43.88,74.97
8530,66.88,43.88,74.99
8541,67.12,44.09,75.00
8551,67.36,43.81,75.00
8560,67.60,43.76,75.00
8570,67.83,44.06,74.99
8580,68.06,43.79,74.97
8591,68.28,43.80,74.94
8601,68.49,44.01,74.91
8610,68.71,43.90,74.88
8620,68.92,43.82,74.83
8631,69.11,43.96,74.77
8641,69.30,43.98,74.71
8650,69.50,43.79,74.65
8660,69.67,44.14,74.58
8671,69.84,44.17,74.49
8681,70.02,43.68,74.40
8691,70.18,44.08,74.31
8700,70.33,44.03,74.21
8710,70.49,43.85,74.11
8721,70.64,43.73,73.98
8731,70.79,43.72,73.85
8741,70.93,43.75,73.72
8750,71.08,43.48,73.60
8761,71.22,43.45,73.44
8771,71.34,43.69,73.29
8781,71.46,43.65,73.13
8790,71.57,43.45,72.98
8801,71.68,43.56,72.79
8811,71.77,43.60,72.61
8821,71.88,43.20,72.43
8831,71.98,43.29,72.23
8841,72.05,43.59,72.03
8851,72.13,43.15,71.83
8861,72.21,43.09,71.61
8871,72.26,43.64,71.39
8880,72.32,43.20,71.19
8891,72.36,43.22,70.93
8901,72.40,43.28,70.69
8911,72.45,42.89,70.44
8921,72.48,43.09,70.19
8931,72.49,43.15,69.93
8941,72.51,42.94,69.66
8951,72.52,42.89,69.39
8961,72.52,43.01,69.11
8972,72.51,42.80,68.80
8981,72.50,42.69,68.54
8991,72.49,42.58,68.24
9001,72.48,42.36,67.93
9012,72.46,42.43,67.59
9021,72.44,42.21,67.31
9031,72.40,42.31,66.99
9041,72.38,41.75,66.66
9051,72.34,41.94,66.33
9062,72.31,41.50,65.95
9071,72.28,41.15,65.64
9081,72.24,41.24,65.29
9091,72.21,40.85,64.94
9102,72.17,40.79,64.54
9112,72.12,40.70,64.17
9121,72.07,40.53,63.84
9131,72.01,40.55,63.46
9142,71.93,40.62,63.04
9152,71.84,40.51,62.65
9161,71.75,40.48,62.30
9171,71.65,40.33,61.90
9182,71.54,40.24,61.46
9192,71.41,40.38,61.05
9202,71.30,39.86,60.64
9211,71.17,39.98,60.27
9221,71.03,39.92,59.85
9232,70.90,39.61,59.38
9242,70.75,39.57,58.95
9251,70.60,39.37,58.56
9261,70.44,39.41,58.13
9272,70.29,38.97,57.64
9282,70.12,39.00,57.20
9292,69.96,38.70,56.75
9301,69.78,38.80,56.35
9312,69.60,38.52,55.85
9322,69.41,38.40,55.39
9332,69.22,38.19,54.93
9341,69.03,38.13,54.51
9352,68.83,37.91,54.00
9362,68.61,37.95,53.53
9372,68.40,37.80,53.05
9382,68.17,37.62,52.58
9391,67.93,37.74,52.15
9402,67.69,37.56,51.62
9412,67.45,37.32,51.14
9422,67.18,37.52,50.66
9431,66.93,37.02,50.22
9442,66.66,37.12,49.68
9452,66.39,36.88,49.19
9462,66.11,36.84,48.70
9472,65.82,36.73,48.21
9482,65.53,36.60,47.72
9492,65.23,36.67,47.22
9502,64.92,36.41,46.73
9512,64.61,36.34,46.23
9523,64.29,36.19,45.68
9532,63.96,36.21,45.23
9542,63.62,36.19,44.73
9552,63.25,36.62,44.24
9562,62.86,36.79,43.74
9572,62.49,36.33,43.24
9582,62.07,37.00,42.74
9592,61.69,36.14,42.24
9602,61.29,36.28,41.74
9613,60.91,35.57,41.19
9622,60.49,36.40,40.74
9632,60.07,36.14,40.25
9642,59.63,36.26,39.75
9653,59.20,35.89,39.21
9662,58.79,35.54,38.76
9672,58.35,35.79,38.27
9682,57.84,37.00,37.78
9693,57.37,36.20,37.24
9703,56.88,36.52,36.75
9712,56.42,35.63,36.32
9722,55.75,39.74,35.83
9732,55.26,36.29,35.35
9743,54.70,37.36,34.83
9752,54.19,36.41,34.40
9762,53.61,37.69,33.92
9772,53.11,35.97,33.45
9783,52.60,35.87,32.94
9793,51.96,38.60,32.47
9802,51.45,35.97,32.06
9812,50.94,35.79,31.60
9823,50.43,35.64,31.10
9833,49.94,35.19,30.65
9842,49.45,35.15,30.25
9852,48.94,35.39,29.80
9862,48.43,35.52,29.36
9873,47.91,35.29,28.88
9883,47.39,35.39,28.45
9892,46.88,35.20,28.07
9902,46.36,35.19,27.65
9913,45.82,35.54,27.19
9923,45.30,35.18,26.78
9932,44.78,35.12,26.41
9942,44.25,35.10,26.01
9953,43.72,35.10,25.57
9963,43.19,35.25,25.18
9973,42.67,34.88,24.80
9982,42.15,34.75,24.46
9993,41.62,35.15,24.04
10003,41.09,34.99,23.68
10013,40.57,34.67,23.32
10022,40.06,34.68,23.00
10032,39.52,35.06,22.65
10043,38.99,34.90,22.27
10053,38.49,34.45,21.93
10063,37.98,34.53,21.60
10072,37.46,34.65,21.31
10083,36.95,34.65,20.96
10093,36.44,34.37,20.66
10103,35.95,34.18,20.35
10113,35.45,34.33,20.06
10123,34.95,34.36,19.77
10133,34.46,34.20,19.49
10143,33.99,33.97,19.22
10153,33.50,34.23,18.96
10163,33.00,34.45,18.70
10173,32.51,34.32,18.45
10183,32.05,33.76,18.21
10193,31.60,33.64,17.98
10203,31.15,33.71,17.75
10213,30.69,33.84,17.54
10223,30.24,33.75,17.33
10233,29.81,33.47,17.13
10243,29.40,33.13,16.94
10253,28.99,33.10,16.75
10263,28.58,33.08,16.58
10273,28.17,33.25,16.42
10283,27.76,33.35,16.26
10294,27.36,33.17,16.10
10303,26.98,32.81,15.97
10313,26.61,32.55,15.84
10323,26.26,32.44,15.72
10334,25.91,32.50,15.60
10344,25.55,32.57,15.50
10353,25.20,32.57,15.42
10363,24.88,32.19,15.33
10373,24.58,31.76,15.26
10384,24.28,31.63,15.19
10393,23.99,31.66,15.14
10403,23.71,31.69,15.09
10413,23.41,31.92,15.05
10424,23.13,31.87,15.02
10434,22.86,31.53,15.01
10443,22.59,31.79,15.00
10453,22.34,31.40,15.00
10464,22.10,31.38,15.01
10474,21.87,31.16,15.04
10484,21.67,30.79,15.07
10493,21.47,30.78,15.10
10504,21.30,30.39,15.16
10514,21.13,30.34,15.22
10524,20.98,30.10,15.29
10533,20.85,29.87,15.36
10543,20.71,29.91,15.45
10554,20.59,29.82,15.56
10564,20.48,29.60,15.67
10573,20.38,29.62,15.78
10583,20.29,29.37,15.90
10594,20.21,29.51,16.05
10604,20.11,29.79,16.20
10614,20.02,29.87,16.36
10623,19.91,30.19,16.51
10634,19.80,30.52,16.70
10644,19.68,30.76,16.89
10654,19.58,30.54,17.08
10664,19.52,30.07,17.29
10674,19.47,29.71,17.50
10684,19.46,29.26,17.73
10694,19.46,29.15,17.96
10704,19.47,28.94,18.20
10713,19.48,29.22,18.43
10724,19.45,29.95,18.71
10734,19.42,30.29,18.98
10744,19.39,30.47,19.26
10754,19.37,30.58,19.54
10764,19.36,30.38,19.84
10774,19.38,29.93,20.14
10784,19.42,29.74,20.46
10794,19.48,29.53,20.78
10804,19.54,29.77,21.11
10814,19.57,30.49,21.45
10824,19.58,30.92,21.79
10834,19.60,31.21,22.15
10845,19.63,31.05,22.55
10854,19.69,30.67,22.88
10864,19.78,30.30,23.26
10874,19.88,30.20,23.65
10884,19.96,30.93,24.04
10894,20.03,31.29,24.44
10904,20.10,31.68,24.85
10914,20.15,32.03,25.27
10924,20.22,32.00,25.69
10935,20.32,31.76,26.16
10944,20.45,31.24,26.56
10954,20.59,31.32,27.00
10964,20.73,31.43,27.45
10975,20.88,31.63,27.95
10984,21.02,31.99,28.37
10994,21.13,32.68,28.84
11004,21.24,33.14,29.32
11014,21.33,33.81,29.80
11025,21.42,34.10,30.33
11034,21.52,34.15,30.78
11044,21.63,34.15,31.27
11054,21.76,34.15,31.78
11065,21.90,34.20,32.34
11074,22.05,34.29,32.80
11084,22.21,34.40,33.31
11094,22.37,34.52,33.84
11105,22.53,35.02,34.42
11115,22.70,35.11,34.95
11124,22.87,35.30,35.43
11134,23.03,35.68,35.97
11145,23.20,36.06,36.56
11155,23.38,36.10,37.11
11165,23.57,36.12,37.66
11174,23.78,36.04,38.15
11184,24.00,36.06,38.71
11195,24.22,36.44,39.32
11205,24.43,36.79,39.88
11214,24.64,37.22,40.39
11224,24.85,37.55,40.95
11235,25.08,37.49,41.57
11245,25.33,37.41,42.14
11255,25.59,37.46,42.71
11264,25.83,38.05,43.22
11275,26.09,38.06,43.85
11285,26.37,37.96,44.43
11295,26.66,37.98,45.00
11305,26.94,38.49,45.57
11315,27.23,38.58,46.15
11325,27.54,38.51,46.72
11335,27.86,38.57,47.29
11345,28.16,39.14,47.87
11354,28.48,39.11,48.38
11365,28.82,39.07,49.01
11375,29.15,39.34,49.58
11385,29.51,39.19,50.15
11395,29.87,39.46,50.72
11405,30.23,39.57,51.28
11415,30.59,39.84,51.85
11425,30.95,40.15,52.41
11435,31.34,39.86,52.97
11446,31.73,40.08,53.58
11455,32.11,40.37,54.08
11465,32.53,40.03,54.63
11475,32.93,40.47,55.18
11486,33.34,40.55,55.78
11495,33.76,40.74,56.27
11505,34.17,40.88,56.80
11515,34.60,40.82,57.34
11525,35.03,41.08,57.87
11536,35.47,40.99,58.44
11545,35.91,41.28,58.91
11555,36.37,40.99,59.42
11565,36.82,41.40,59.93
11576,37.29,41.17,60.49
11586,37.75,41.56,60.99
11595,38.24,41.25,61.43
11605,38.71,41.66,61.92
11616,39.20,41.45,62.45
11626,39.69,41.63,62.92
11635,40.19,41.51,63.34
11645,40.70,41.26,63.80
11656,41.21,41.68,64.30
11666,41.73,41.45,64.75
11675,42.25,41.62,65.15
11685,42.77,41.60,65.58
11695,43.30,41.61,66.01
11706,43.82,41.83,66.46
11716,44.35,41.74,66.87
11725,44.87,41.95,67.23
11735,45.41,41.73,67.63
11746,45.94,41.95,68.05
11756,46.48,41.93,68.42
11766,47.01,42.05,68.79
11775,47.54,41.98,69.11
11786,48.07,42.12,69.49
11796,48.60,42.18,69.83
11806,49.14,42.06,70.16
11815,49.67,42.27,70.45
11826,50.20,42.12,70.79
11836,50.73,42.25,71.09
11846,51.26,42.25,71.38
11856,51.79,42.09,71.66
11865,52.32,42.30,71.90
11876,52.85,42.17,72.18
11886,53.38,42.06,72.43
11896,53.91,42.10,72.67
11905,54.43,42.20,72.87
11916,54.96,41.99,73.11
11926,55.47,42.17,73.31
11936,55.99,42.07,73.51
11946,56.50,42.13,73.69
11956,57.01,42.18,73.86
11966,57.51,42.13,74.02
11976,58.00,42.30,74.16
11986,58.49,42.15,74.30
11997,58.98,42.26,74.43
12006,59.45,42.29,74.53
12016,59.93,42.14,74.63
12026,60.39,42.26,74.72
12036,60.85,42.19,74.80
12047,61.30,42.30,74.87
12056,61.75,42.25,74.91
12066,62.19,42.23,74.95
12076,62.61,42.30,74.98
12087,63.04,42.17,75.00
12096,63.45,42.26,75.00
12106,63.87,42.11,74.99
12116,64.27,42.08,74.97
12127,64.65,42.42,74.93
12137,65.04,42.11,74.88
12146,65.42,42.07,74.83
12156,65.80,41.83,74.76
12166,66.16,42.02,74.68
12177,66.52,41.80,74.57
12186,66.55,48.43,74.47
12196,66.89,42.00,74.35
12206,67.23,41.82,74.22
12217,67.54,42.02,74.06
12227,67.87,41.68,73.90
12236,68.17,41.85,73.75
12246,68.47,41.64,73.57
12257,68.76,41.51,73.35
12267,69.04,41.59,73.15
12276,69.31,41.38,72.95
12286,69.56,41.62,72.72
12297,69.81,41.30,72.45
12307,70.05,41.33,72.20
12317,70.27,41.40,71.93
12326,70.49,41.12,71.69
12336,70.69,41.24,71.40
12347,70.89,41.07,71.07
12357,71.07,40.95,70.76
12367,71.24,41.04,70.43
12376,71.40,40.98,70.14
12387,71.54,40.88,69.76
12397,71.67,40.97,69.40
12407,71.80,40.60,69.04
12416,71.91,40.82,68.70
12427,72.00,40.65,68.27
12437,72.09,40.60,67.87
12447,72.16,40.54,67.47
12457,72.22,40.45,67.05
12467,72.27,40.43,66.62
12477,72.32,40.17,66.19
12487,72.34,40.33,65.74
12497,72.35,40.10,65.29
12506,72.36,40.02,64.87
12517,72.36,39.74,64.35
12527,72.34,39.78,63.87
12537,72.32,39.57,63.37
12547,72.28,39.67,62.88
12558,72.24,39.18,62.32
12567,72.18,39.20,61.85
12577,72.12,39.02,61.33
12587,72.05,38.98,60.80
12598,71.96,38.74,60.21
12608,71.87,38.59,59.66
12617,71.77,38.43,59.17
12627,71.66,38.30,58.61
12638,71.53,38.23,57.99
12648,71.41,37.86,57.42
12658,71.26,37.98,56.84
12667,71.11,37.70,56.32
12677,70.95,37.62,55.73
12688,70.79,37.16,55.08
12698,70.61,37.18,54.48
12707,70.43,36.91,53.94
12717,70.23,36.79,53.33
12728,70.03,36.70,52.66
12738,69.82,36.44,52.04
12748,69.59,36.35,51.42
12757,69.36,36.18,50.86
12768,69.12,35.97,50.18
12778,68.87,35.76,49.55
12788,68.62,35.60,48.92
12798,68.34,35.61,48.29
12808,68.07,35.37,47.65
12818,67.77,35.38,47.02
12828,67.47,35.20,46.38
12838,67.15,35.07,45.74
12847,66.84,34.80,45.17
12858,66.49,35.10,44.46
12868,66.14,34.78,43.82
12878,65.69,36.71,43.19
12888,65.31,34.85,42.55
12898,64.86,36.08,41.91
12908,64.46,34.66,41.27
12918,63.98,36.05,40.63
12928,63.45,36.93,40.00
12939,62.97,35.55,39.30
12948,62.37,37.87,38.74
12958,61.91,34.88,38.11
12968,61.33,36.91,37.48
12979,60.86,34.61,36.80
12988,60.20,38.25,36.24
12998,59.62,36.30,35.63
13008,58.92,38.76,35.02
13018,58.31,36.81,34.41
13029,57.79,34.76,33.75
13038,57.28,34.39,33.21
13048,56.70,35.66,32.62
13058,56.13,35.23,32.03
13069,55.61,33.99,31.39
13078,55.09,33.84,30.87
13088,54.53,34.49,30.30
13098,53.97,34.29,29.74
13109,53.43,33.65,29.13
13119,52.90,33.29,28.58
13128,52.35,33.57,28.09
13138,51.80,33.59,27.56
13149,51.26,33.08,26.98
13159,50.69,33.39,26.47
13168,50.12,33.58,26.01
13178,49.52,33.81,25.51
13188,48.91,34.04,25.01
13199,48.31,33.86,24.48
13209,47.70,33.72,24.01
13218,47.10,33.63,23.59
13228,46.49,33.76,23.14
13239,45.86,34.09,22.65
13249,45.22,34.18,22.22
13258,44.58,34.23,21.84
13268,43.95,34.10,21.43
13279,43.33,33.84,20.99
13289,42.69,34.12,20.60
13299,42.04,34.27,20.22
13308,41.38,34.73,19.89
13318,40.71,34.79,19.54
13329,40.06,34.57,19.16
13339,39.41,34.56,18.83
13349,38.76,34.45,18.52
13358,38.12,34.58,18.24
13369,37.46,34.93,17.92
13379,36.78,35.30,17.64
13389,36.13,35.07,17.38
13398,35.48,34.91,17.15
13409,34.84,35.14,16.89
13419,34.18,35.39,16.66
13429,33.52,35.70,16.45
13439,32.87,35.62,16.26
13449,32.23,35.38,16.07
13459,31.62,35.11,15.90
13469,31.01,35.38,15.75
13479,30.39,35.61,15.61
13490,29.77,35.82,15.47
13499,29.16,35.69,15.37
13509,28.57,35.61,15.27
13519,27.99,35.75,15.19
13529,27.39,36.06,15.12
13539,26.82,36.00,15.07
13549,26.26,35.82,15.03
13559,25.72,35.81,15.01
13569,25.18,35.79,15.00
13580,24.65,36.04,15.01
13589,24.13,36.07,15.03
13599,23.64,35.76,15.06
13609,23.17,35.37,15.12
13620,22.71,35.64,15.19
13629,22.25,35.97,15.26
13639,21.81,35.73,15.36
13649,21.39,35.52,15.47
13659,20.98,35.63,15.60
13670,20.57,36.04,15.75
13679,20.19,35.65,15.90
13689,19.83,35.41,16.07
13699,19.49,35.46,16.25
13710,19.14,35.74,16.47
13720,18.82,35.67,16.69
13729,18.53,35.37,16.90
13739,18.26,35.16,17.14
13750,17.98,35.61,17.43
13760,17.71,35.73,17.70
13769,17.49,35.02,17.96
13779,17.29,35.06,18.26
13790,17.09,35.33,18.61
13800,16.89,35.63,18.94
13810,16.73,35.16,19.28
13819,16.59,34.81,19.60
13829,16.48,34.84,19.97
13840,16.35,35.45,20.39
13850,16.24,35.34,20.79
13859,16.19,34.52,21.15
13869,16.15,34.48,21.57
13880,16.11,34.81,22.05
13890,16.10,34.58,22.49
13899,16.11,34.42,22.91
13909,16.14,34.44,23.37
13920,16.17,34.77,23.90
13930,16.21,34.73,24.40
13940,16.28,34.59,24.90
13949,16.37,34.26,25.36
13960,16.49,34.25,25.94
13970,16.60,34.49,26.47
13980,16.73,34.66,27.02
13989,16.87,34.52,27.52
13999,17.05,34.15,28.08
14010,17.23,34.51,28.71
14020,17.40,34.84,29.29
14030,17.59,34.96,29.88
14039,17.79,34.92,30.42
14050,18.02,34.64,31.09
14060,18.26,34.81,31.71
14070,18.50,35.19,32.33
14080,18.74,35.41,32.96
14090,19.00,35.27,33.60
14100,19.29,35.12,34.24
14110,19.60,34.98,34.89
14120,19.92,35.11,35.54
14130,20.23,35.44,36.20
14140,20.57,35.29,36.87
14150,20.94,34.96,37.54
14160,21.31,35.13,38.21
14170,21.68,35.47,38.89
14180,22.05,35.84,39.58
14190,22.43,35.85,40.26
14200,22.84,35.72,40.95
14210,23.24,35.92,41.64
14221,23.65,36.39,42.40
14230,24.04,36.74,43.03
14240,24.45,36.85,43.73
14250,24.88,36.59,44.43
14261,25.32,36.81,45.19
14270,25.76,36.98,45.82
14280,26.19,37.35,46.52
14290,26.65,37.29,47.22
14301,27.11,37.40,47.99
14311,27.57,37.77,48.69
14320,28.04,37.85,49.31
14330,28.53,37.73,50.00
14340,29.02,37.87,50.70
14351,29.49,38.55,51.45
14361,29.97,38.76,52.14
14370,30.46,38.57,52.75
14380,30.91,39.90,53.43
14391,31.41,39.05,54.17
14401,31.89,39.75,54.84
14410,32.40,39.33,55.43
14420,32.92,39.30,56.09
14431,33.44,39.65,56.81
14441,33.98,39.54,57.46
14451,34.52,39.60,58.10
14460,35.05,40.08,58.67
14470,35.60,39.84,59.29
14481,36.14,40.38,59.97
14491,36.69,40.31,60.58
14500,37.23,40.54,61.12
14510,37.78,40.71,61.72
14521,38.34,40.69,62.36
14531,38.88,41.08,62.94
14541,39.45,40.82,63.50
14550,40.00,41.26,64.00
14561,40.56,41.25,64.60
14571,41.12,41.57,65.13
14581,41.68,41.45,65.65
14591,42.24,41.70,66.17
14601,42.81,41.66,66.67
14611,43.38,41.77,67.15
14621,43.95,41.74,67.63
14631,44.55,41.43,68.09
14640,45.13,41.78,68.50
14651,45.71,41.74,68.98
14661,46.30,41.82,69.40
14671,46.88,41.95,69.81
14681,47.46,42.00,70.21
14691,48.04,42.05,70.59
14701,48.63,41.97,70.95
14711,49.20,42.25,71.31
14721,49.79,41.90,71.65
14731,50.37,42.07,71.97
14741,50.95,42.04,72.28
14751,51.53,42.09,72.57
14761,52.10,42.20,72.84
14772,52.68,42.05,73.13
14781,53.25,42.14,73.35
14791,53.82,42.09,73.58
14801,54.38,42.07,73.79
14811,54.94,42.11,73.98
14821,55.50,41.95,74.16
14831,56.05,42.07,74.32
14841,56.61,41.92,74.47
14851,57.15,41.93,74.59
14862,57.69,41.91,74.71
14871,58.23,41.88,74.80
14881,58.77,41.62,74.87
14891,59.29,41.71,74.93
14902,59.81,41.69,74.97
14911,60.34,41.38,74.99
14921,60.85,41.53,75.00
14931,61.35,41.37,74.99
14942,61.85,41.33,74.95
14952,62.34,41.20,74.90
14961,62.83,40.98,74.85
14971,63.31,41.09,74.76
14981,63.78,40.78,74.66
14992,64.24,40.76,74.53
15002,64.70,40.69,74.39
15011,65.14,40.56,74.26
15021,65.57,40.56,74.09
15032,66.00,40.36,73.88
15042,66.41,40.42,73.67
15051,66.81,40.19,73.47
15061,67.19,40.28,73.23
15072,67.58,39.91,72.95
15082,67.93,40.07,72.67
15092,68.29,39.87,72.38
15101,68.63,39.74,72.10
15112,68.95,39.83,71.75
15122,69.25,39.74,71.41
15132,69.56,39.40,71.05
15141,69.85,39.38,70.71
15151,70.13,38.98,70.33
15162,70.39,39.21,69.88
15172,70.64,38.88,69.46
15182,70.87,38.94,69.03
15191,71.09,38.75,68.63
15202,71.30,38.53,68.12
15212,71.50,38.33,67.64
15222,71.68,38.32,67.15
15231,71.85,38.12,66.69
15242,72.00,38.01,66.12
15252,72.14,37.81,65.59
15262,72.27,37.58,65.04
15272,72.37,37.76,64.49
15282,72.47,37.30,63.92
15292,72.55,37.40,63.33
15302,72.61,37.20,62.74
15312,72.66,37.01,62.13
15322,72.69,36.92,61.52
15332,72.70,36.79,60.89
15342,72.70,36.73,60.26
15352,72.69,36.38,59.61
15362,72.65,36.44,58.95
15372,72.60,36.42,58.29
15382,72.52,36.28,57.62
15392,72.45,35.95,56.94
15402,72.36,35.72,56.25
15413,72.24,35.74,55.48
15422,72.13,35.41,54.85
15432,71.98,35.43,54.14
15442,71.83,35.26,53.42
15453,71.67,34.77,52.63
15462,71.50,34.67,51.97
15472,71.32,34.40,51.24
15482,71.09,34.97,50.50
15492,70.88,34.12,49.76
15503,70.60,35.19,48.95
15512,70.31,34.90,48.27
15522,69.98,35.14,47.52
15532,69.66,34.86,46.77
15543,69.33,34.36,45.95
15553,68.93,35.61,45.19
15562,68.52,35.39,44.51
15572,68.13,34.62,43.76
15583,67.77,33.53,42.93
15593,67.40,33.42,42.18
15602,67.02,33.32,41.50
15612,66.61,33.46,40.75
15622,66.24,32.32,40.00
15633,65.86,32.15,39.19
15643,65.47,31.74,38.44
15652,65.06,32.02,37.78
15662,64.63,32.05,37.05
15673,64.17,32.13,36.24
15683,63.69,32.32,35.52
15692,63.19,32.37,34.88
15702,62.68,32.29,34.16
15713,62.17,32.03,33.39
15723,61.65,31.94,32.69
15733,61.11,31.97,32.00
15742,60.56,32.00,31.39
15753,60.00,31.80,30.64
15763,59.42,32.12,29.98
15773,58.81,32.28,29.32
15782,58.21,32.10,28.74
15792,57.57,32.52,28.11
15803,56.92,32.57,27.42
15813,56.27,32.55,26.80
15823,55.60,32.64,26.20
15832,54.93,32.54,25.67
15843,54.25,32.62,25.03
15853,53.56,32.65,24.47
15863,52.86,32.77,23.91
15872,52.14,33.11,23.43
15883,51.41,33.24,22.85
15893,50.67,33.23,22.34
15903,49.92,33.51,21.84
15913,49.16,33.72,21.36
15923,48.38,34.08,20.90
15933,47.60,34.17,20.45
15943,46.79,34.53,20.01
15953,45.99,34.71,19.59
15963,45.18,34.78,19.19
15973,44.36,35.12,18.81
15983,43.54,35.20,18.44
15993,42.72,35.34,18.09
16003,41.90,35.43,17.76
16013,41.09,35.41,17.44
16023,40.28,35.40,17.15
16033,39.47,35.63,16.87
16043,38.65,36.04,16.61
16054,37.83,36.36,16.34
16063,36.99,36.66,16.15
16073,36.17,36.75,15.94
16083,35.36,36.75,15.76
16094,34.56,36.76,15.58
16104,33.74,37.23,15.44
16113,32.94,37.41,15.33
16123,32.14,37.49,15.22
16133,31.36,37.42,15.14
16144,30.57,37.95,15.07
16153,29.79,38.20,15.03
16163,29.04,37.83,15.00
16173,28.30,37.86,15.00
16184,27.56,38.41,15.02
16194,26.83,38.40,15.06
16203,26.14,37.97,15.11
16213,25.45,38.58,15.19
16224,24.76,38.64,15.30
16234,24.12,38.24,15.42
16243,23.47,38.86,15.54
16253,22.83,38.94,15.70
16264,22.23,38.57,15.90
16274,21.62,39.13,16.10
16284,21.05,39.05,16.32
16293,20.51,38.52,16.53
16303,19.97,39.13,16.79
16314,19.47,38.85,17.10
16324,18.98,38.86,17.39
16333,18.50,39.27,17.68
16343,18.07,38.68,18.01
16354,17.64,39.19,18.40
16364,17.26,38.60,18.78
16374,16.90,38.54,19.17
16383,16.58,38.27,19.54
16394,16.26,38.80,20.01
16404,15.97,38.52,20.45
16414,15.71,38.44,20.92
16423,15.46,38.68,21.35
16434,15.25,38.38,21.89
16444,15.05,38.71,22.40
16454,14.88,38.42,22.93
16464,14.74,38.24,23.48
16473,14.61,38.55,23.98
16484,14.53,38.10,24.61
16494,14.45,38.38,25.20
16504,14.40,38.30,25.80
16513,14.39,37.98,26.36
16524,14.38,38.38,27.05
16534,14.42,37.91,27.70
16544,14.46,38.22,28.35
16554,14.54,38.03,29.02
16564,14.64,37.95,29.70
16574,14.75,38.29,30.39
16584,14.91,37.69,31.09
16594,15.07,37.97,31.80
16605,15.25,38.08,32.60
16614,15.47,37.70,33.26
16624,15.71,37.70,34.00
16634,15.99,37.27,34.74
16644,16.28,37.62,35.50
16654,16.59,37.43,36.26
16664,16.92,37.52,37.03
16674,17.26,37.60,37.80
16684,17.64,37.26,38.59
16695,18.02,37.72,39.45
16704,18.42,37.51,40.16
16714,18.85,37.42,40.96
16724,19.28,37.70,41.75
16735,19.73,37.63,42.63
16744,20.19,37.76,43.35
16754,20.66,37.95,44.16
16764,21.15,37.93,44.96
16774,21.65,37.99,45.77
16785,22.17,38.04,46.65
16794,22.72,37.75,47.38
16804,23.27,37.93,48.18
16814,23.82,38.40,48.98
16825,24.40,37.92,49.86
16834,24.98,38.28,50.58
16844,25.56,38.59,51.37
16854,26.18,38.01,52.16
16865,26.80,38.42,53.02
16875,27.43,38.43,53.80
16884,28.07,38.31,54.49
16894,28.74,38.08,55.26
16905,29.40,38.50,56.09
16915,30.06,38.77,56.84
16925,30.76,38.32,57.58
16934,31.44,38.71,58.24
16944,32.12,38.82,58.97
16955,32.82,38.76,59.75
16965,33.51,39.17,60.45
16974,34.21,39.07,61.08
16984,34.92,39.12,61.76
16995,35.62,39.40,62.49
17005,36.34,39.19,63.15
17015,37.05,39.55,63.79
17024,37.76,39.59,64.36
17035,38.48,39.55,65.04
17045,39.19,39.88,65.64
17055,39.91,39.86,66.22
17065,40.62,39.96,66.79
17075,41.34,40.05,67.35
17085,42.06,39.99,67.88
17095,42.77,40.38,68.41
17105,43.48,40.20,68.91
17114,44.19,40.36,69.35
17125,44.90,40.45,69.86
17135,45.62,40.14,70.31
17145,46.34,40.27,70.75
17155,47.06,40.20,71.16
17165,47.77,40.30,71.55
17175,48.48,40.33,71.92
17185,49.18,40.42,72.28
17195,49.87,40.73,72.61
17205,50.56,40.55,72.92
17215,51.23,40.77,73.21
17225,51.91,40.62,73.48
17235,52.58,40.79,73.73
17246,53.25,40.55,73.98
17255,53.91,40.59,74.16
17265,54.58,40.29,74.34
17275,55.23,40.59,74.50
17285,55.87,40.47,74.64
17296,56.50,40.59,74.77
17305,57.14,40.29,74.85
17315,57.76,40.30,74.92
17325,58.38,40.15,74.97
17336,58.99,40.24,75.00
17345,59.59,40.12,75.00
17355,60.17,40.21,74.98
17365,60.75,40.09,74.93
17376,61.31,40.06,74.86
17386,61.87,39.91,74.77
17395,62.42,39.72,74.66
17405,62.95,39.70,74.53
17416,63.49,39.36,74.35
17426,64.01,39.29,74.17
17436,64.52,39.17,73.96
17445,65.02,39.09,73.76
17455,65.50,39.01,73.51
17466,65.97,38.99,73.21
17476,66.43,38.60,72.92
17485,66.88,38.67,72.63
17495,67.32,38.26,72.30
17506,67.74,38.17,71.90
17516,68.16,37.89,71.52
17526,68.55,37.86,71.12
17535,68.95,37.52,70.74
17546,69.31,37.52,70.25
17556,69.67,37.27,69.79
17566,70.02,36.85,69.31
17575,70.34,37.01,68.86
17586,70.66,36.51,68.29
17596,70.94,36.81,67.75
17606,71.22,36.45,67.19
17616,71.47,36.42,66.62
17625,71.69,36.52,66.09
17636,71.90,36.23,65.42
17646,72.09,36.02,64.79
17656,72.27,35.80,64.15
17665,72.40,36.18,63.56
17676,72.54,35.44,62.82
17686,72.67,35.24,62.14
17696,72.77,35.31,61.44
17706,72.85,34.96,60.72
17716,72.93,34.57,60.00
17726,72.98,34.59,59.26
17736,73.02,34.19,58.51
17746,73.04,34.10,57.75
17755,73.03,34.33,57.05
17766,73.01,33.81,56.19
17776,72.93,34.50,55.40
17786,72.87,33.36,54.60
17796,72.77,33.91,53.79
17806,72.66,33.37,52.98
17816,72.51,33.76,52.16
17826,72.40,32.33,51.33
17836,72.28,32.11,50.49
17846,72.14,31.89,49.66
17856,72.01,31.06,48.81
17866,71.83,31.46,47.97
17876,71.63,31.57,47.12
17887,71.39,31.63,46.18
17896,71.14,31.43,45.41
17906,70.86,31.35,44.56
17916,70.57,31.15,43.71
17926,70.25,31.33,42.85
17936,69.92,31.14,42.00
17946,69.56,30.94,41.15
17956,69.19,30.97,40.31
17966,68.80,30.80,39.46
17977,68.39,30.67,38.54
17986,67.96,30.75,37.79
17996,67.52,30.57,36.96
18006,67.05,30.55,36.14
18017,66.57,30.47,35.24
18027,66.09,30.15,34.43
18036,65.58,30.31,33.71
18046,65.06,30.20,32.92
18057,64.51,30.17,32.06
18067,63.95,30.29,31.29
18076,63.37,30.33,30.61
18086,62.76,30.56,29.86
18096,62.15,30.53,29.12
18107,61.51,30.58,28.32
18117,60.85,30.65,27.61
18126,60.18,30.97,26.99
18136,59.45,31.78,26.30
18147,58.73,31.20,25.57
18157,58.02,31.14,24.92
18166,57.30,31.00,24.35
18176,56.53,31.90,23.73
18187,55.78,31.26,23.07
18197,54.95,32.90,22.49
18207,54.16,32.12,21.92
18216,53.36,32.16,21.43
18227,52.50,33.19,20.86
18237,51.66,32.89,20.35
18247,50.80,33.31,19.87
18256,49.93,33.53,19.45
18266,49.04,34.17,19.00
18277,48.13,34.34,18.54
18287,47.21,34.77,18.14
18297,46.29,34.89,17.77
18306,45.36,35.40,17.45
18317,44.43,35.41,17.08
18327,43.49,35.86,16.77
18337,42.55,36.02,16.49
18346,41.61,36.18,16.26
18357,40.67,36.51,16.00
18367,39.74,36.59,15.79
18377,38.81,36.64,15.60
18387,37.87,37.45,15.44
18397,36.92,37.75,15.30
18407,35.97,38.26,15.19
18417,35.02,38.43,15.10
18427,34.09,38.50,15.04
18436,33.18,38.57,15.01
18447,32.27,39.00,15.00
18457,31.36,39.32,15.02
18467,30.39,40.94,15.06
18477,29.50,39.81,15.13
18487,28.59,40.87,15.22
18497,27.72,40.30,15.34
18507,26.86,40.77,15.48
18517,26.02,40.90,15.65
18527,25.21,40.75,15.85
18537,24.41,41.23,16.07
18547,23.63,41.07,16.31
18557,22.89,41.16,16.58
18568,22.15,41.49,16.91
18577,21.44,41.44,17.20
18587,20.74,41.91,17.54
18597,20.08,41.78,17.91
18607,19.42,42.20,18.30
18618,18.81,41.97,18.76
18627,18.23,41.85,19.15
18637,17.67,41.94,19.61
18647,17.14,41.99,20.09
18658,16.65,41.93,20.65
18667,16.18,42.18,21.12
18677,15.75,41.73,21.67
18687,15.33,42.25,22.24
18698,14.97,41.88,22.88
18707,14.62,42.11,23.43
18717,14.30,42.08,24.06
18727,14.02,41.83,24.70
18738,13.75,42.35,25.43
18748,13.55,41.56,26.12
18757,13.35,42.07,26.74
18767,13.20,41.80,27.46
18777,13.08,41.66,28.19
18788,12.97,42.09,29.01
18798,12.92,41.44,29.77
18807,12.89,41.75,30.47
18817,12.89,41.58,31.25
18828,12.93,41.35,32.13
18838,12.99,41.68,32.95
18847,13.10,41.08,33.69
18857,13.22,41.49,34.52
18868,13.38,41.25,35.45
18878,13.59,40.67,36.30
18888,13.85,40.24,37.16
18897,14.11,40.73,37.94
18907,14.43,40.19,38.81
18918,14.75,40.44,39.78
18928,15.10,40.49,40.67
18937,15.48,40.13,41.47
18947,15.88,40.38,42.36
18958,16.32,39.94,43.34
18968,16.76,40.45,44.24
18978,17.25,39.87,45.14
18987,17.74,40.20,45.95
18998,18.27,39.88,46.94
19008,18.81,40.17,47.84
19018,19.37,39.94,48.73
19027,19.95,40.16,49.53
19038,20.54,40.18,50.51
19048,21.15,40.16,51.40
19058,21.77,40.32,52.27
19068,22.42,40.10,53.15
19077,23.07,40.35,53.93
19088,23.74,40.18,54.87
19098,24.42,40.55,55.72
19108,25.12,40.24,56.56
19118,25.82,40.47,57.39
19128,26.57,39.95,58.21
19138,27.35,39.46,59.01
19148,28.12,39.84,59.81
19158,28.92,39.60,60.59
19168,29.70,39.94,61.36
19178,30.52,39.58,62.11
19188,31.33,39.82,62.85
19198,32.16,39.57,63.57
19209,32.99,39.78,64.35
19218,33.83,39.63,64.96
19228,34.67,39.69,65.63
19238,35.52,39.62,66.28
19248,36.38,39.46,66.92
19258,37.23,39.69,67.53
19268,38.11,39.30,68.12
19278,38.97,39.63,68.69
19288,39.84,39.49,69.24
19299,40.69,39.79,69.82
19308,41.56,39.42,70.27
19318,42.42,39.51,70.75
19328,43.29,39.44,71.21
19339,44.15,39.49,71.68
19348,45.02,39.27,72.05
19358,45.88,39.15,72.43
19368,46.74,39.31,72.79
19379,47.59,39.25,73.15
19389,48.43,39.26,73.46
19398,49.28,38.86,73.71
19408,50.13,38.80,73.96
19418,50.98,38.65,74.18
19429,51.82,38.57,74.40
19439,52.65,38.54,74.57
19448,53.48,38.17,74.70
19458,54.30,38.26,74.81
19469,55.10,38.12,74.91
19479,55.90,38.11,74.97
19488,56.68,38.09,74.99
19498,57.45,37.96,75.00
19509,58.22,37.58,74.97
19519,58.97,37.69,74.91
19529,59.70,37.57,74.83
19538,60.43,37.48,74.73
19549,61.14,37.12,74.58
19559,61.85,37.03,74.41
19569,62.53,37.09,74.21
19578,63.19,36.85,74.01
19588,63.83,37.14,73.76
19599,64.45,36.75,73.45
19609,65.07,36.42,73.15
19619,65.62,37.33,72.81
19628,66.18,36.79,72.49
19639,66.72,36.52,72.07
19649,67.26,36.18,71.65
19659,67.76,36.24,71.22
19669,68.26,35.78,70.75
19679,68.74,35.71,70.26
19689,69.17,36.03,69.75
19699,69.62,35.22,69.21
19709,70.03,35.35,68.65
19718,70.45,34.61,68.13
19729,70.78,35.75,67.46
19739,71.08,35.99,66.83
19749,71.40,34.87,66.19
19758,71.68,35.15,65.58
19769,71.97,34.22,64.83
19779,72.15,35.77,64.12
19789,72.38,34.35,63.39
19799,72.51,35.83,62.64
19809,72.70,33.76,61.88
19819,72.87,33.76,61.10
19829,73.01,33.53,60.30
19839,73.18,32.45,59.49
19850,73.34,31.88,58.58
19859,73.48,31.63,57.82
19869,73.59,31.61,56.97
19879,73.66,31.81,56.10
19890,73.69,31.67,55.14
19899,73.70,31.67,54.34
19909,73.69,31.56,53.44
19919,73.65,31.21,52.54
19929,73.59,31.25,51.63
19940,73.50,30.87,50.61
19949,73.40,30.76,49.78
19959,73.27,30.51,48.85
19969,73.14,30.16,47.91
19980,72.97,30.10,46.88
19990,72.78,29.92,45.94
19999,72.58,29.64,45.09
20009,72.34,30.08,45.00
20020,72.10,30.34,45.00
20030,71.83,30.84,45.00
20039,71.54,31.23,45.00
20049,71.22,31.80,45.00
20059,70.87,32.42,45.00
20070,70.50,32.92,45.00
20080,70.09,33.65,45.00
20089,69.66,34.32,45.00
20099,69.21,34.68,45.00
20110,68.73,35.37,45.00
20120,68.23,35.93,45.00
20129,67.71,36.64,45.00
20139,67.16,37.19,45.00
20150,66.59,37.94,45.00
20160,66.01,38.32,45.00
20170,65.41,38.95,45.00
20179,64.79,39.45,45.00
20190,64.17,39.72,45.00
20200,63.57,39.64,45.00
20210,62.89,41.38,45.00
20219,62.16,42.84,45.00
20229,61.38,43.94,45.00
20240,60.71,42.25,45.00
20250,60.03,42.66,45.00
20260,59.36,42.72,45.00
20269,58.69,43.07,45.00
20280,58.02,43.37,45.00
20290,57.35,43.74,45.00
20300,56.67,44.07,45.00
20310,55.99,44.41,45.00
20320,55.33,44.50,45.00
20330,54.67,44.74,45.00
20340,54.01,44.90,45.00
20350,53.37,44.95,45.00
20360,52.73,45.20,45.00
20370,52.12,45.06,45.00
20380,51.51,45.20,45.00
20390,50.91,45.39,45.00
20400,50.33,45.35,45.00
20410,49.74,45.69,45.00
20420,49.17,45.69,45.00
20430,48.63,45.41,45.00
20440,48.10,45.49,45.00
20450,47.58,45.42,45.00
20460,47.08,45.60,45.00
20470,46.59,45.49,45.00
20480,46.11,45.38,45.00
20491,45.66,45.28,45.00
20500,45.22,45.29,45.00
20510,44.78,45.38,45.00
20520,44.38,44.99,45.00
20531,44.00,44.86,45.00
20541,43.63,44.80,45.00
20550,43.26,44.96,45.00
20560,42.90,44.99,45.00
20570,42.58,44.49,45.00
20581,42.28,44.20,45.00
20590,42.01,43.82,45.00
20600,41.74,43.98,45.00
20610,41.50,43.57,45.00
20621,41.29,43.16,45.00
20631,41.10,42.84,45.00
20640,40.91,42.89,45.00
20650,40.76,42.36,45.00
20661,40.62,42.06,45.00
20671,40.50,42.00,45.00
20681,40.39,41.74,45.00
20690,40.31,41.34,45.00
20701,40.24,41.03,45.00
20711,40.18,41.00,45.00
20721,40.15,40.54,45.00
20730,40.13,40.17,45.00
20740,40.12,40.14,45.00
20751,40.13,39.74,45.00
20761,40.16,39.38,45.00
20771,40.19,39.49,45.00
20780,40.24,38.98,45.00
20791,40.29,38.92,45.00
20801,40.36,38.71,45.00
20811,40.44,38.36,45.00
20820,40.52,38.36,45.00
20831,40.62,37.93,45.00
20841,40.71,38.01,45.00
20851,40.82,37.61,45.00
20861,40.94,37.54,45.00
20870,41.06,37.29,45.00
20881,41.19,37.27,45.00
20891,41.32,36.98,45.00
20901,41.46,36.87,45.00
20910,41.60,36.75,45.00
20921,41.75,36.41,45.00
20931,41.90,36.49,45.00
20941,42.07,36.05,45.00
20951,42.22,36.16,45.00
20961,42.39,35.78,45.00
20971,42.56,35.81,45.00
20981,42.72,35.80,45.00
20991,42.89,35.48,45.00
21002,43.06,35.64,45.00
21011,43.21,35.66,45.00
21021,43.37,35.56,45.00
21031,43.51,35.99,45.00
21042,43.65,35.60,45.00
21051,43.78,35.93,45.00
21061,43.93,35.58,45.00
21071,44.08,35.30,45.00
21081,44.23,35.17,45.00
21092,44.37,35.42,45.00
21101,44.43,37.10,45.00
21111,44.56,35.35,45.00
21121,44.69,35.49,45.00
21132,44.81,35.55,45.00
21141,44.91,35.95,45.00
21151,45.01,35.77,45.00
21161,44.96,38.98,45.00
21172,45.03,36.38,45.00
21182,45.05,37.30,45.00
21191,45.11,36.73,45.00
21201,45.14,37.17,45.00
21211,45.03,39.92,45.00
21222,45.06,37.20,45.00
21231,44.98,39.43,45.00
21241,45.03,36.90,45.00
21251,44.96,39.27,45.00
21262,44.96,37.88,45.00
21272,44.96,37.76,45.00
21281,44.85,40.27,45.00
21291,44.84,38.03,45.00
21302,44.77,39.39,45.00
21312,44.81,37.21,45.00
21321,44.81,37.95,45.00
21331,44.87,36.66,45.00
21342,44.92,36.90,45.00
21352,44.97,36.96,45.00
21362,45.03,36.55,45.00
21371,45.08,36.81,45.00
21381,45.13,36.78,45.00
21392,45.14,37.63,45.00
21402,45.18,36.93,45.00
21412,45.16,38.18,45.00
21421,45.18,37.29,45.00
21432,45.18,37.79,45.00
21442,45.20,37.30,45.00
21452,45.19,37.83,45.00
21461,45.23,37.00,45.00
21472,45.21,38.00,45.00
21482,45.15,39.10,45.00
21492,45.13,38.00,45.00
21502,45.07,39.04,45.00
21512,45.06,37.95,45.00
21522,44.99,39.41,45.00
21532,44.97,38.17,45.00
21542,44.97,37.79,45.00
21551,44.98,37.77,45.00
21562,44.99,37.61,45.00
21572,45.00,37.52,45.00
21582,45.02,37.58,45.00
21592,45.02,37.75,45.00
21602,44.99,38.35,45.00
21612,45.00,37.80,45.00
21622,44.99,37.99,45.00
21632,44.97,38.23,45.00
21643,44.98,37.65,45.00
21652,45.00,37.51,45.00
21662,44.98,38.07,45.00
21672,45.00,37.58,45.00
21683,45.01,37.63,45.00
21692,45.00,37.94,45.00
21702,45.00,37.79,45.00
21712,45.02,37.58,45.00
21722,45.03,37.59,45.00
21733,45.04,37.61,45.00
21742,45.02,38.16,45.00
21752,44.98,38.58,45.00
21762,45.00,37.59,45.00
21773,44.94,38.96,45.00
21782,44.93,38.05,45.00
21792,44.93,37.86,45.00
21802,44.83,39.99,45.00
21813,44.82,38.25,45.00
21823,44.73,39.77,45.00
21832,44.72,38.18,45.00
21842,44.73,37.75,45.00
21853,44.75,37.63,45.00
21863,44.76,37.71,45.00
21873,44.79,37.38,45.00
21882,44.82,37.34,45.00
21892,44.82,38.00,45.00
21903,44.83,37.66,45.00
21913,44.82,38.16,45.00
21922,44.84,37.54,45.00
21932,44.83,38.34,45.00
21943,44.84,37.68,45.00
21953,44.83,38.08,45.00
21963,44.80,38.71,45.00
21972,44.81,37.63,45.00
21983,44.78,38.59,45.00
21993,44.80,37.70,45.00
22003,44.79,38.03,45.00
22012,44.80,37.77,45.00
22022,44.83,37.40,45.00
22033,44.85,37.64,45.00
22043,44.88,37.38,45.00
22053,44.89,37.56,45.00
22062,44.92,37.44,45.00
22073,44.94,37.44,45.00
22083,44.93,38.18,45.00
22093,44.94,37.64,45.00
22103,44.97,37.34,45.00
22113,44.99,37.52,45.00
22123,44.96,38.37,45.00
22133,44.97,37.79,45.00
22143,44.95,38.35,45.00
22153,44.96,37.64,45.00
22163,44.93,38.56,45.00
22173,44.94,37.58,45.00
22183,44.91,38.65,45.00
22194,44.89,38.20,45.00
22203,44.90,37.86,45.00
22213,44.88,38.33,45.00
22223,44.89,37.69,45.00
22233,44.88,38.20,45.00
22244,44.82,39.08,45.00
22253,44.82,38.05,45.00
22263,44.75,39.36,45.00
22273,44.76,37.89,45.00
22284,44.77,37.76,45.00
22293,44.79,37.72,45.00
22303,44.80,37.64,45.00
22313,44.83,37.45,45.00
22324,44.86,37.47,45.00
22334,44.89,37.30,45.00
22343,44.91,37.54,45.00
22353,44.93,37.56,45.00
22363,44.95,37.40,45.00
22374,44.98,37.39,45.00
22383,44.99,37.74,45.00
22393,45.00,37.60,45.00
22403,45.02,37.45,45.00
22414,45.04,37.51,45.00
22424,45.05,37.59,45.00
22433,45.07,37.47,45.00
22443,45.07,37.87,45.00
22454,45.07,37.87,45.00
22464,45.08,37.66,45.00
22474,45.06,38.36,45.00
22483,45.05,37.95,45.00
22494,45.02,38.52,45.00
22504,45.02,37.84,45.00
22514,44.98,38.78,45.00
22524,44.97,38.04,45.00
22533,44.96,38.06,45.00
22544,44.94,38.38,45.00
22554,44.94,38.00,45.00
22564,44.90,38.64,45.00
22573,44.91,37.81,45.00
22584,44.89,38.28,45.00
22594,44.84,39.09,45.00
22604,44.84,37.83,45.00
22614,44.85,37.77,45.00
22624,44.88,37.53,45.00
22634,44.89,37.69,45.00
22644,44.91,37.44,45.00
22654,44.91,38.00,45.00
22664,44.93,37.64,45.00
22674,44.95,37.47,45.00
22684,44.92,38.57,45.00
22694,44.92,37.82,45.00
22704,44.94,37.66,45.00
22714,44.95,37.66,45.00
22724,44.96,37.65,45.00
22734,44.98,37.71,45.00
22744,44.99,37.54,45.00
22754,45.01,37.58,45.00
22764,45.03,37.55,45.00
22774,45.04,37.63,45.00
22784,45.06,37.46,45.00
22795,45.06,37.85,45.00
22804,45.06,37.84,45.00
22814,45.06,37.91,45.00
22824,45.00,39.11,45.00
22835,44.99,37.98,45.00
22845,44.97,38.41,45.00
22854,44.97,37.93,45.00
22864,44.98,37.75,45.00
22874,44.98,37.75,45.00
22885,44.99,37.70,45.00
22894,45.00,37.70,45.00
22904,45.02,37.60,45.00
22914,45.02,37.81,45.00
22925,45.02,37.85,45.00
22935,45.03,37.75,45.00
22944,45.04,37.60,45.00
22954,45.04,38.04,45.00
22965,45.05,37.61,45.00
22975,45.06,37.71,45.00
22985,45.08,37.49,45.00
22994,45.10,37.29,45.00
23005,45.11,37.78,45.00
23015,45.12,37.59,45.00
23025,45.13,37.64,45.00
23034,45.13,37.65,45.00
23044,45.14,37.71,45.00
23055,45.15,37.64,45.00
23065,45.15,37.68,45.00
23075,45.17,37.46,45.00
23084,45.17,37.88,45.00
23095,45.17,37.73,45.00
23105,45.19,37.42,45.00
23115,45.18,38.02,45.00
23124,45.18,37.61,45.00
23135,45.20,37.46,45.00
23145,45.20,37.77,45.00
23155,45.21,37.61,45.00
23165,45.17,38.41,45.00
23174,45.17,37.76,45.00
23185,45.17,37.79,45.00
23195,45.17,37.87,45.00
23205,45.18,37.47,45.00
23214,45.15,38.41,45.00
23225,45.15,37.78,45.00
23235,45.15,37.82,45.00
23245,45.12,38.47,45.00
23255,45.12,37.81,45.00
23265,45.12,37.78,45.00
23275,45.13,37.58,45.00
23285,45.13,37.85,45.00
23295,45.13,37.61,45.00
23306,45.15,37.53,45.00
23315,45.15,37.65,45.00
23325,45.16,37.67,45.00
23335,45.16,37.66,45.00
23346,45.19,37.32,45.00
23355,45.20,37.50,45.00
23365,45.21,37.52,45.00
23375,45.22,37.59,45.00
23385,45.22,37.54,45.00
23396,45.21,37.97,45.00
23405,45.21,37.72,45.00
23415,45.23,37.45,45.00
23425,45.24,37.51,45.00
23436,45.23,37.81,45.00
23445,45.23,37.80,45.00
23455,45.23,37.71,45.00
23465,45.21,38.15,45.00
23476,45.21,37.61,45.00
23486,45.19,38.08,45.00
23495,45.17,38.22,45.00
23505,45.18,37.54,45.00
23515,45.16,38.17,45.00
23526,45.15,37.93,45.00
23535,45.15,37.73,45.00
23545,45.15,37.71,45.00
23555,45.16,37.53,45.00
23566,45.17,37.67,45.00
23576,45.17,37.73,45.00
23585,45.19,37.21,45.00
23595,45.21,37.38,45.00
23606,45.21,37.60,45.00
23616,45.23,37.31,45.00
23626,45.24,37.45,45.00
23635,45.24,37.67,45.00
23646,45.23,38.04,45.00
23656,45.23,37.65,45.00
23666,45.22,37.84,45.00
23675,45.22,37.65,45.00
23685,45.21,38.01,45.00
23696,45.15,38.88,45.00
23706,45.14,37.93,45.00
23716,45.12,38.19,45.00
23725,45.09,38.28,45.00
23736,45.02,39.22,45.00
23746,44.96,39.11,45.00
23756,44.95,37.88,45.00
23765,44.88,39.41,45.00
23776,44.88,37.94,45.00
23786,44.89,37.65,45.00
23796,44.90,37.69,45.00
23806,44.92,37.47,45.00
23816,44.92,37.68,45.00
23826,44.95,37.43,45.00
23836,44.95,37.71,45.00
23846,44.91,38.69,45.00
23855,44.93,37.45,45.00
23866,44.92,38.14,45.00
23876,44.93,37.67,45.00
23886,44.94,37.60,45.00
23896,44.97,37.28,45.00
23906,44.99,37.28,45.00
23916,45.00,37.69,45.00
23926,45.03,37.25,45.00
23936,45.04,37.49,45.00
23946,45.06,37.47,45.00
23956,45.08,37.43,45.00
23966,45.07,37.84,45.00
23976,45.10,37.31,45.00
23987,45.10,37.57,45.00
23996,45.09,38.13,45.00
24006,45.08,37.82,45.00
24016,45.09,37.73,45.00
24026,45.09,37.64,45.00
24037,45.06,38.39,45.00
24046,45.04,38.18,45.00
24056,45.04,37.85,45.00
24066,44.99,38.73,45.00
24077,44.99,37.97,45.00
24086,44.95,38.54,45.00
24096,44.96,37.64,45.00
24106,44.95,38.02,45.00
24117,44.90,38.82,45.00
24127,44.92,37.51,45.00
24136,44.93,37.70,45.00
24146,44.93,37.88,45.00
24157,44.93,37.83,45.00
24167,44.96,37.30,45.00
24176,44.94,38.11,45.00
24186,44.92,38.29,45.00
24196,44.93,37.59,45.00
24207,44.92,38.12,45.00
24217,44.94,37.45,45.00
24226,44.95,37.78,45.00
24236,44.96,37.55,45.00
24247,44.99,37.16,45.00
24257,45.00,37.63,45.00
24267,45.01,37.68,45.00
24276,45.03,37.34,45.00
24287,45.04,37.60,45.00
24297,45.06,37.43,45.00
24307,45.05,37.99,45.00
24316,45.04,38.04,45.00
24326,45.04,37.68,45.00
24337,45.02,38.32,45.00
24347,45.02,37.84,45.00
24357,45.01,37.88,45.00
24366,45.02,37.74,45.00
24377,45.00,38.06,45.00
24387,44.95,38.93,45.00
24397,44.92,38.47,45.00
24406,44.92,37.85,45.00
24417,44.92,37.88,45.00
24427,44.93,37.72,45.00
24437,44.94,37.52,45.00
24447,44.94,37.87,45.00
24457,44.95,37.63,45.00
24467,44.97,37.41,45.00
24477,44.99,37.60,45.00
24487,45.00,37.45,45.00
24496,45.01,37.60,45.00
24507,45.03,37.48,45.00
24517,45.05,37.40,45.00
24527,45.07,37.39,45.00
24537,45.08,37.54,45.00
24547,45.11,37.24,45.00
24557,45.13,37.27,45.00
24567,45.14,37.60,45.00
24577,45.15,37.50,45.00
24588,45.16,37.58,45.00
24597,45.16,37.65,45.00
24607,45.18,37.33,45.00
24617,45.18,37.66,45.00
24628,45.20,37.38,45.00
24637,45.22,37.32,45.00
24647,45.20,37.93,45.00
24657,45.21,37.49,45.00
24667,45.21,37.78,45.00
24678,45.22,37.42,45.00
24687,45.24,37.36,45.00
24697,45.24,37.58,45.00
24707,45.25,37.47,45.00
24718,45.26,37.42,45.00
24728,45.22,38.47,45.00
24737,45.23,37.51,45.00
24747,45.23,37.54,45.00
24758,45.22,37.87,45.00
24768,45.22,37.77,45.00
24777,45.22,37.64,45.00
24787,45.22,37.61,45.00
24798,45.21,37.96,45.00
24808,45.19,37.96,45.00
24817,45.20,37.52,45.00
24827,45.19,37.77,45.00
24837,45.19,37.68,45.00
24848,45.18,37.91,45.00
24858,45.18,37.64,45.00
24867,45.18,37.68,45.00
24877,45.15,38.38,45.00
24888,45.11,38.44,45.00
24898,45.09,38.17,45.00
24907,45.09,37.69,45.00
24917,45.07,38.10,45.00
24928,45.09,37.43,45.00
24938,45.10,37.53,45.00
24948,45.10,37.66,45.00
24957,45.11,37.38,45.00
24968,45.12,37.64,45.00
24978,45.12,37.54,45.00
