tempo_us,angulo_deg,motor_percent
0,-86.39,0
889,-86.40,0
1778,-86.39,0
2667,-86.36,0
3556,-86.34,0
4445,-86.33,0
5334,-86.34,0
6223,-86.35,0
7112,-86.34,0
8001,-86.33,0
8890,-86.32,0
9779,-86.33,0
10668,-86.35,0
11557,-86.37,0
12446,-86.36,0
13335,-86.34,0
14224,-86.33,0
15113,-86.32,0
16002,-86.33,0
16891,-86.33,0
17780,-86.33,0
18669,-86.32,0
19558,-86.31,0
20447,-86.32,0
21336,-86.33,0
22225,-86.33,0
23114,-86.33,0
24003,-86.32,0
24892,-86.31,0
25781,-86.31,0
26670,-86.31,0
27559,-86.31,0
28448,-86.31,0
29337,-86.31,0
30226,-86.31,0
31115,-86.31,0
32004,-86.31,0
32893,-86.31,0
33782,-86.31,0
34671,-86.31,0
35560,-86.31,0
36449,-86.31,0
37338,-86.31,0
38227,-86.31,0
39116,-86.31,0
40005,-86.31,0
40894,-86.30,0
41783,-86.30,0
42672,-86.29,0
43561,-86.29,0
44450,-86.29,0
45339,-86.29,0
46228,-86.29,0
47117,-86.29,0
48006,-86.29,0
48895,-86.29,0
49784,-86.29,0
50673,-86.29,0
51562,-86.29,0
52451,-86.29,0
53340,-86.29,0
54229,-86.29,0
55118,-86.29,0
56007,-86.29,0
56896,-86.30,0
57785,-86.30,0
58674,-86.30,0
59563,-86.30,0
60452,-86.30,0
61341,-86.29,0
62230,-86.29,0
63119,-86.29,0
64008,-86.29,0
64897,-86.29,0
65786,-86.29,0
66675,-86.28,0
67564,-86.28,0
68453,-86.28,0
69342,-86.28,0
70231,-86.28,0
71120,-86.28,0
72009,-86.28,0
72898,-86.28,0
73787,-86.28,0
74676,-86.29,0
75565,-86.29,0
76454,-86.29,0
77343,-86.29,0
78232,-86.28,0
79121,-86.28,0
80010,-86.28,0
80899,-86.28,0
81788,-86.28,0
82677,-86.28,0
83566,-86.27,0
84455,-86.27,0
85344,-86.27,0
86233,-86.28,0
87122,-86.28,0
88011,-86.28,0
88900,-86.28,0
89789,-86.29,0
90678,-86.29,0
91567,-86.29,0
92456,-86.29,0
93345,-86.28,0
94234,-86.28,0
95123,-86.28,0
96012,-86.28,0
96901,-86.28,0
97790,-86.28,0
98679,-86.27,0
99568,-86.27,0
100457,-86.27,0
101346,-86.26,0
102235,-86.26,0
103124,-86.26,0
104013,-86.26,0
104902,-86.26,0
105791,-86.26,0
106680,-86.26,0
107569,-86.26,0
108458,-86.26,0
109347,-86.26,0
110236,-86.26,0
111125,-86.27,0
112014,-86.27,0
112903,-86.27,0
113792,-86.27,0
114681,-86.27,0
115570,-86.27,0
116459,-86.27,0
117348,-86.27,0
118237,-86.27,0
119126,-86.27,0
120015,-86.26,0
120904,-86.26,0
121793,-86.26,0
122682,-86.26,0
123571,-86.26,0
124460,-86.26,0
125349,-86.26,0
126238,-86.26,0
127127,-86.26,0
128016,-86.26,0
128905,-86.26,0
129794,-86.26,0
130683,-86.26,0
131572,-86.25,0
132461,-86.25,0
133350,-86.25,0
134239,-86.25,0
135128,-86.25,0
136017,-86.25,0
136906,-86.26,35
137795,-86.26,35
138684,-86.26,35
139573,-86.26,35
140462,-86.26,35
141351,-86.26,35
142240,-86.26,35
143129,-86.26,35
144018,-86.26,35
144907,-86.26,35
145796,-86.27,35
146685,-86.25,35
147574,-86.33,35
148463,-86.29,35
149352,-86.30,35
150241,-86.31,35
151130,-86.39,35
152019,-84.66,35
152908,-84.69,35
153797,-84.73,35
154686,-84.79,35
155575,-84.81,35
156464,-84.87,35
157353,-83.17,35
158242,-83.21,35
159131,-83.28,35
160020,-83.33,35
160909,-83.40,35
161798,-83.48,35
162687,-83.51,35
163576,-83.58,35
164465,-83.62,35
165354,-83.69,35
166243,-83.75,35
167132,-83.79,35
168021,-83.84,35
168910,-83.88,35
169799,-83.93,35
170688,-83.98,35
171577,-84.02,35
172466,-84.06,35
173355,-84.10,35
174244,-84.14,35
175133,-84.18,35
176022,-82.49,35
176911,-82.55,35
177800,-82.62,35
178689,-82.77,35
179578,-82.84,35
180467,-82.86,35
181356,-82.89,35
182245,-82.92,35
183134,-82.93,35
184023,-82.94,35
184912,-82.95,35
185801,-82.96,35
186690,-82.95,35
187579,-82.93,35
188468,-82.94,35
189357,-82.92,35
190246,-82.90,35
191135,-82.89,35
192024,-82.89,35
192913,-82.87,35
193802,-82.84,35
194691,-82.83,35
195580,-82.81,35
196469,-82.77,35
197358,-82.72,35
198247,-82.69,35
199136,-82.65,35
200025,-82.60,35
200914,-82.54,35
201803,-82.50,35
202692,-82.47,35
203581,-82.40,35
204470,-82.35,35
205359,-82.30,35
206248,-82.24,35
207137,-82.16,35
208026,-82.09,35
208915,-82.03,35
209804,-81.95,35
210693,-81.86,35
211582,-81.78,35
212471,-81.71,35
213360,-81.64,35
214249,-81.55,35
215138,-81.47,35
216027,-81.38,35
216916,-81.27,35
217805,-81.17,35
218694,-81.07,35
219583,-80.98,35
220472,-80.87,35
221361,-80.75,35
222250,-80.65,35
223139,-80.54,35
224028,-80.42,35
224917,-80.30,35
225806,-80.19,35
226695,-80.08,35
227584,-79.96,35
228473,-79.83,35
229362,-79.71,35
230251,-79.58,35
231140,-79.44,35
232029,-79.30,35
232918,-79.16,35
233807,-79.03,35
234696,-78.88,35
235585,-78.72,35
236474,-78.58,35
237363,-78.43,35
238252,-78.27,35
239141,-78.10,35
240030,-77.95,35
240919,-77.79,35
241808,-77.61,35
242697,-77.44,35
243586,-77.28,35
244475,-77.12,35
245364,-76.94,35
246253,-76.76,35
247142,-76.60,35
248031,-76.42,35
248920,-76.24,35
249809,-76.05,35
250698,-75.88,35
251587,-75.70,35
252476,-75.51,35
253365,-75.31,35
254254,-75.13,35
255143,-74.93,35
256032,-74.72,35
256921,-74.52,35
257810,-74.34,35
258699,-74.14,35
259588,-73.93,35
260477,-73.73,35
261366,-73.54,35
262255,-73.32,35
263144,-73.09,35
264033,-72.89,35
264922,-72.69,35
265811,-72.46,35
266700,-72.23,35
267589,-72.03,35
268478,-71.82,35
269367,-71.58,35
270256,-71.36,35
271145,-71.15,35
272034,-70.92,35
272923,-70.69,35
273812,-70.45,35
274701,-70.23,35
275590,-70.00,35
276479,-69.76,35
277368,-69.53,35
278257,-69.30,35
279146,-69.07,35
280035,-68.84,35
280924,-68.62,35
281813,-68.38,35
282702,-68.14,35
283591,-67.89,35
284480,-67.66,35
285369,-67.42,35
286258,-67.17,35
287147,-66.92,35
288036,-66.68,35
288925,-66.44,35
289814,-66.18,35
290703,-65.93,35
291592,-65.69,35
292481,-65.44,35
293370,-65.18,35
294259,-64.92,35
295148,-64.67,35
296037,-64.41,35
296926,-64.15,35
297815,-63.89,35
298704,-63.64,35
299593,-63.39,35
300482,-63.12,35
301371,-62.86,35
302260,-62.61,35
303149,-62.36,35
304038,-62.10,35
304927,-61.84,35
305816,-61.59,35
306705,-61.33,35
307594,-61.05,35
308483,-60.79,35
309372,-60.53,35
310261,-60.27,35
311150,-59.99,35
312039,-59.72,35
312928,-59.45,35
313817,-59.18,35
314706,-58.91,35
315595,-58.65,35
316484,-58.39,35
317373,-58.12,35
318262,-57.84,35
319151,-57.56,35
320040,-57.30,35
320929,-57.02,35
321818,-56.74,35
322707,-56.46,35
323596,-56.20,35
324485,-55.93,35
325374,-55.65,35
326263,-55.39,35
327152,-55.13,35
328041,-54.86,35
328930,-54.59,35
329819,-54.32,35
330708,-54.05,35
331597,-53.78,35
332486,-53.50,35
333375,-53.24,35
334264,-52.97,35
335153,-52.71,35
336042,-52.43,35
336931,-52.17,35
337820,-51.90,35
338709,-51.63,35
339598,-51.36,35
340487,-51.10,35
341376,-50.84,35
342265,-50.56,35
343154,-50.30,35
344043,-50.04,35
344932,-49.77,35
345821,-49.51,35
346710,-49.23,35
347599,-48.97,35
348488,-48.71,35
349377,-48.44,35
350266,-48.18,35
351155,-47.92,35
352044,-47.67,35
352933,-47.40,35
353822,-47.14,35
354711,-46.89,35
355600,-46.63,35
356489,-46.37,35
357378,-46.12,35
358267,-45.87,35
359156,-45.62,35
360045,-45.35,35
360934,-45.10,35
361823,-44.86,35
362712,-44.61,35
363601,-44.35,35
364490,-44.08,35
365379,-43.83,35
366268,-43.57,35
367157,-43.32,35
368046,-43.08,35
368935,-42.84,35
369824,-42.60,35
370713,-42.34,35
371602,-42.09,35
372491,-41.86,35
373380,-41.62,35
374269,-41.38,35
375158,-41.13,35
376047,-40.90,35
376936,-40.66,35
377825,-40.42,35
378714,-40.18,35
379603,-39.95,35
380492,-39.72,35
381381,-39.49,35
382270,-39.26,35
383159,-39.03,35
384048,-38.81,35
384937,-38.58,35
385826,-38.36,35
386715,-38.15,35
387604,-37.92,35
388493,-37.70,35
389382,-37.49,35
390271,-37.27,35
391160,-37.05,35
392049,-36.83,35
392938,-36.61,35
393827,-36.40,35
394716,-36.19,35
395605,-35.98,35
396494,-35.77,35
397383,-35.56,35
398272,-35.36,35
399161,-35.15,35
400050,-34.95,35
400939,-34.75,35
401828,-34.55,35
402717,-34.34,35
403606,-34.15,35
404495,-33.95,35
405384,-33.75,35
406273,-33.55,35
407162,-33.37,35
408051,-33.18,35
408940,-33.00,35
409829,-32.81,35
410718,-32.62,35
411607,-32.44,35
412496,-32.26,35
413385,-32.08,35
414274,-31.90,35
415163,-31.72,35
416052,-31.54,35
416941,-31.36,35
417830,-31.19,35
418719,-31.01,35
419608,-30.84,35
420497,-30.67,35
421386,-30.51,35
422275,-30.35,35
423164,-30.18,35
424053,-30.02,35
424942,-29.86,35
425831,-29.71,35
426720,-29.55,35
427609,-29.39,35
428498,-29.23,35
429387,-29.09,35
430276,-28.93,35
431165,-28.78,35
432054,-28.63,35
432943,-28.49,35
433832,-28.35,35
434721,-28.20,35
435610,-28.07,35
436499,-27.93,35
437388,-27.79,35
438277,-27.65,35
439166,-27.52,35
440055,-27.39,35
440944,-27.26,35
441833,-27.14,35
442722,-27.02,35
443611,-26.89,35
444500,-26.77,35
445389,-26.65,35
446278,-26.54,35
447167,-26.41,35
448056,-26.29,35
448945,-26.19,35
449834,-26.07,35
450723,-25.97,35
451612,-25.86,35
452501,-25.75,35
453390,-25.65,35
454279,-25.55,35
455168,-25.45,35
456057,-25.36,35
456946,-25.26,35
457835,-25.17,35
458724,-25.07,35
459613,-24.98,35
460502,-24.90,35
461391,-24.81,35
462280,-24.72,35
463169,-24.64,35
464058,-24.56,35
464947,-24.48,35
465836,-24.40,35
466725,-24.32,35
467614,-24.26,35
468503,-24.18,35
469392,-24.12,35
470281,-24.05,35
471170,-23.98,35
472059,-23.92,35
472948,-23.86,35
473837,-23.80,35
474726,-23.75,35
475615,-23.69,35
476504,-23.64,35
477393,-23.59,35
478282,-23.54,35
479171,-23.50,35
480060,-23.45,35
480949,-23.41,35
481838,-23.36,35
482727,-23.33,35
483616,-23.29,35
484505,-23.25,35
485394,-23.22,35
486283,-23.19,35
487172,-23.15,35
488061,-23.12,35
488950,-23.09,35
489839,-23.07,35
490728,-23.05,35
491617,-23.03,35
492506,-23.01,35
493395,-23.00,35
494284,-22.98,35
495173,-22.96,35
496062,-22.95,35
496951,-22.94,35
497840,-22.92,35
498729,-22.91,35
499618,-22.90,35
500507,-22.90,35
501396,-22.89,35
502285,-22.89,35
503174,-22.88,35
504063,-22.88,35
504952,-22.89,35
505841,-22.89,35
506730,-22.89,35
507619,-22.90,35
508508,-22.91,35
509397,-22.93,35
510286,-22.94,35
511175,-22.96,35
512064,-22.98,35
512953,-22.99,35
513842,-23.02,35
514731,-23.05,35
515620,-23.07,35
516509,-23.09,35
517398,-23.12,35
518287,-23.15,35
519176,-23.18,35
520065,-23.21,35
520954,-23.24,35
521843,-23.28,35
522732,-23.31,35
523621,-23.35,35
524510,-23.39,35
525399,-23.42,35
526288,-23.47,35
527177,-23.52,35
528066,-23.56,35
528955,-23.61,35
529844,-23.66,35
530733,-23.72,35
531622,-23.77,35
532511,-23.81,35
533400,-23.87,35
534289,-23.93,35
535178,-23.98,35
536067,-24.04,35
536956,-24.10,35
537845,-24.18,35
538734,-24.24,35
539623,-24.31,35
540512,-24.38,35
541401,-24.44,35
542290,-24.52,35
543179,-24.59,35
544068,-24.66,35
544957,-24.74,35
545846,-24.82,35
546735,-24.90,35
547624,-24.99,35
548513,-25.07,35
549402,-25.15,35
550291,-25.23,35
551180,-25.31,35
552069,-25.40,35
552958,-25.49,35
553847,-25.57,35
554736,-25.66,35
555625,-25.75,35
556514,-25.84,35
557403,-25.93,35
558292,-26.02,35
559181,-26.12,35
560070,-26.22,35
560959,-26.32,35
561848,-26.43,35
562737,-26.53,35
563626,-26.64,35
564515,-26.74,35
565404,-26.85,35
566293,-26.96,35
567182,-27.06,35
568071,-27.17,35
568960,-27.28,35
569849,-27.39,35
570738,-27.51,35
571627,-27.62,35
572516,-27.74,35
573405,-27.86,35
574294,-27.98,35
575183,-28.09,35
576072,-28.21,35
576961,-28.34,35
577850,-28.47,35
578739,-28.59,35
579628,-28.71,35
580517,-28.84,35
581406,-28.97,35
582295,-29.10,35
583184,-29.22,35
584073,-29.36,35
584962,-29.50,35
585851,-29.63,35
586740,-29.77,35
587629,-29.91,35
588518,-30.05,35
589407,-30.19,35
590296,-30.33,35
591185,-30.47,35
592074,-30.61,35
592963,-30.75,35
593852,-30.89,35
594741,-31.04,35
595630,-31.19,35
596519,-31.34,35
597408,-31.49,35
598297,-31.64,35
599186,-31.80,35
600075,-31.95,35
600964,-32.10,35
601853,-32.26,35
602742,-32.42,35
603631,-32.58,35
604520,-32.73,35
605409,-32.89,35
606298,-33.05,35
607187,-33.20,35
608076,-33.35,35
608965,-33.51,35
609854,-33.67,35
610743,-33.84,35
611632,-33.99,35
612521,-34.16,35
613410,-34.32,35
614299,-34.48,35
615188,-34.64,35
616077,-34.79,35
616966,-34.97,35
617855,-35.13,35
618744,-35.30,35
619633,-35.48,35
620522,-35.65,35
621411,-35.82,35
622300,-35.99,35
623189,-36.15,35
624078,-36.34,35
624967,-36.51,35
625856,-36.68,35
626745,-36.86,35
627634,-37.03,35
628523,-37.20,35
629412,-37.37,35
630301,-37.53,35
631190,-37.72,35
632079,-37.89,35
632968,-38.06,35
633857,-38.23,35
634746,-38.42,35
635635,-38.60,35
636524,-38.77,35
637413,-38.94,35
638302,-39.12,35
639191,-39.30,35
640080,-39.48,35
640969,-39.66,35
641858,-39.85,35
642747,-40.03,35
643636,-40.20,35
644525,-40.37,35
645414,-40.57,35
646303,-40.76,35
647192,-40.94,35
648081,-41.13,35
648970,-41.32,35
649859,-41.51,35
650748,-41.68,35
651637,-41.87,35
652526,-42.06,35
653415,-42.26,35
654304,-42.43,35
655193,-42.62,35
656082,-42.82,35
656971,-43.00,35
657860,-43.18,35
658749,-43.36,35
659638,-43.54,35
660527,-43.73,35
661416,-43.91,35
662305,-44.09,35
663194,-44.28,35
664083,-44.46,35
664972,-44.64,35
665861,-44.83,35
666750,-45.03,35
667639,-45.22,35
668528,-45.40,35
669417,-45.59,35
670306,-45.79,35
671195,-45.99,35
672084,-46.17,35
672973,-46.36,35
673862,-46.55,35
674751,-46.73,35
675640,-46.91,35
676529,-47.10,35
677418,-47.30,35
678307,-47.49,35
679196,-47.67,35
680085,-47.86,35
680974,-48.05,35
681863,-48.25,35
682752,-48.43,35
683641,-48.63,35
684530,-48.83,35
685419,-49.01,35
686308,-49.19,35
687197,-49.37,35
688086,-49.56,35
688975,-49.75,35
689864,-49.93,35
690753,-50.11,35
691642,-50.30,35
692531,-50.49,35
693420,-50.67,35
694309,-50.86,35
695198,-51.05,35
696087,-51.24,35
696976,-51.42,35
697865,-51.60,35
698754,-51.80,35
699643,-51.98,35
700532,-52.16,35
701421,-52.33,35
702310,-52.52,35
703199,-52.70,35
704088,-52.87,35
704977,-53.05,35
705866,-53.24,35
706755,-53.43,35
707644,-53.60,35
708533,-53.77,35
709422,-53.94,35
710311,-54.13,35
711200,-54.30,35
712089,-54.46,35
712978,-54.64,35
713867,-54.81,35
714756,-54.99,35
715645,-55.15,35
716534,-55.31,35
717423,-55.49,35
718312,-55.66,35
719201,-55.82,35
720090,-55.99,35
720979,-56.17,35
721868,-56.34,35
722757,-56.49,35
723646,-56.65,35
724535,-56.83,35
725424,-57.00,35
726313,-57.16,35
727202,-57.31,35
728091,-57.48,35
728980,-57.64,35
729869,-57.79,35
730758,-57.94,35
731647,-58.10,35
732536,-58.26,35
733425,-58.39,35
734314,-58.53,35
735203,-58.69,35
736092,-58.85,35
736981,-58.99,35
737870,-59.14,35
738759,-59.28,35
739648,-59.43,35
740537,-59.57,35
741426,-59.70,35
742315,-59.85,35
743204,-60.00,35
744093,-60.13,35
744982,-60.25,35
745871,-60.38,35
746760,-60.52,35
747649,-60.65,35
748538,-60.78,35
749427,-60.91,35
750316,-61.05,35
751205,-61.18,35
752094,-61.31,35
752983,-61.44,35
753872,-61.58,35
754761,-61.70,35
755650,-61.82,35
756539,-61.94,35
757428,-62.07,35
758317,-62.19,35
759206,-62.30,35
760095,-62.41,35
760984,-62.54,35
761873,-62.64,35
762762,-62.74,35
763651,-62.84,35
764540,-62.96,35
765429,-63.08,35
766318,-63.18,35
767207,-63.28,35
768096,-63.40,35
768985,-63.50,35
769874,-63.60,35
770763,-63.69,35
771652,-63.80,35
772541,-63.90,35
773430,-64.00,35
774319,-64.09,35
775208,-64.20,35
776097,-64.31,35
776986,-64.39,35
777875,-64.48,35
778764,-64.59,35
779653,-64.68,35
780542,-64.75,35
781431,-64.83,35
782320,-64.93,35
783209,-65.00,35
784098,-65.07,35
784987,-65.15,35
785876,-65.24,35
786765,-65.31,35
787654,-65.37,35
788543,-65.45,35
789432,-65.54,35
790321,-65.61,35
791210,-65.66,35
792099,-65.74,35
792988,-65.81,35
793877,-65.86,35
794766,-65.92,35
795655,-65.99,35
796544,-66.06,35
797433,-66.10,35
798322,-66.15,35
799211,-66.22,35
800100,-66.28,35
800989,-66.33,35
801878,-66.36,35
802767,-66.42,35
803656,-66.47,35
804545,-66.50,35
805434,-66.54,35
806323,-66.59,35
807212,-66.63,35
808101,-66.65,35
808990,-66.68,35
809879,-66.73,35
810768,-66.77,35
811657,-66.80,35
812546,-66.83,35
813435,-66.86,35
814324,-66.89,35
815213,-66.90,35
816102,-66.92,35
816991,-66.96,35
817880,-66.99,35
818769,-66.99,35
819658,-67.01,35
820547,-67.04,35
821436,-67.06,35
822325,-67.06,35
823214,-67.09,35
824103,-67.12,35
824992,-67.12,35
825881,-67.12,35
826770,-67.13,35
827659,-67.14,35
828548,-67.14,35
829437,-67.13,35
830326,-67.13,35
831215,-67.14,35
832104,-67.14,35
832993,-67.14,35
833882,-67.14,35
834771,-67.15,35
835660,-67.14,35
836549,-67.12,35
837438,-67.11,35
838327,-67.11,35
839216,-67.09,35
840105,-67.07,35
840994,-67.05,35
841883,-67.04,35
842772,-67.03,35
843661,-67.01,35
844550,-67.00,35
845439,-66.99,35
846328,-66.96,35
847217,-66.93,35
848106,-66.91,35
848995,-66.89,35
849884,-66.86,35
850773,-66.81,35
851662,-66.79,35
852551,-66.77,35
853440,-66.72,35
854329,-66.67,35
855218,-66.64,35
856107,-66.61,35
856996,-66.56,35
857885,-66.50,35
858774,-66.48,35
859663,-66.44,35
860552,-66.40,35
861441,-66.35,35
862330,-66.31,35
863219,-66.28,35
864108,-66.22,35
864997,-66.17,35
865886,-66.12,35
866775,-66.08,35
867664,-66.03,35
868553,-65.97,35
869442,-65.92,35
870331,-65.87,35
871220,-65.81,35
872109,-65.74,35
872998,-65.69,35
873887,-65.63,35
874776,-65.56,35
875665,-65.50,35
876554,-65.43,35
877443,-65.38,35
878332,-65.31,35
879221,-65.24,35
880110,-65.18,35
880999,-65.11,35
881888,-65.05,35
882777,-64.97,35
883666,-64.90,35
884555,-64.84,35
885444,-64.75,35
886333,-64.67,35
887222,-64.60,35
888111,-64.52,35
889000,-64.44,35
889889,-64.35,35
890778,-64.27,35
891667,-64.20,35
892556,-64.11,35
893445,-64.03,35
894334,-63.95,35
895223,-63.87,35
896112,-63.79,35
897001,-63.69,35
897890,-63.60,35
898779,-63.51,35
899668,-63.42,35
900557,-63.32,35
901446,-63.22,35
902335,-63.14,35
903224,-63.04,35
904113,-62.93,35
905002,-62.84,35
905891,-62.74,35
906780,-62.66,35
907669,-62.55,35
908558,-62.43,35
909447,-62.34,35
910336,-62.24,35
911225,-62.14,35
912114,-62.03,35
913003,-61.92,35
913892,-61.82,35
914781,-61.70,35
915670,-61.59,35
916559,-61.50,35
917448,-61.40,35
918337,-61.29,35
919226,-61.18,35
920115,-61.08,35
921004,-60.97,35
921893,-60.85,35
922782,-60.73,35
923671,-60.61,35
924560,-60.50,35
925449,-60.39,35
926338,-60.27,35
927227,-60.16,35
928116,-60.05,35
929005,-59.92,35
929894,-59.80,35
930783,-59.68,35
931672,-59.57,35
932561,-59.45,35
933450,-59.33,35
934339,-59.21,35
935228,-59.10,35
936117,-58.97,35
937006,-58.84,35
937895,-58.72,35
938784,-58.60,35
939673,-58.47,35
940562,-58.34,35
941451,-58.22,35
942340,-58.09,35
943229,-57.96,35
944118,-57.84,35
945007,-57.70,35
945896,-57.58,35
946785,-57.46,35
947674,-57.33,35
948563,-57.22,35
949452,-57.10,35
950341,-56.97,35
951230,-56.84,35
952119,-56.70,35
953008,-56.57,35
953897,-56.45,35
954786,-56.31,35
955675,-56.17,35
956564,-56.04,35
957453,-55.91,35
958342,-55.78,35
959231,-55.64,35
960120,-55.52,35
961009,-55.40,35
961898,-55.26,35
962787,-55.13,35
963676,-55.00,35
964565,-54.87,35
965454,-54.75,35
966343,-54.60,35
967232,-54.47,35
968121,-54.34,35
969010,-54.19,35
969899,-54.06,35
970788,-53.92,35
971677,-53.79,35
972566,-53.66,35
973455,-53.51,35
974344,-53.37,35
975233,-53.25,35
976122,-53.13,35
977011,-52.99,35
977900,-52.86,35
978789,-52.73,35
979678,-52.60,35
980567,-52.46,35
981456,-52.32,35
982345,-52.20,35
983234,-52.07,35
984123,-51.94,35
985012,-51.80,35
985901,-51.66,35
986790,-51.54,35
987679,-51.40,35
988568,-51.26,35
989457,-51.13,35
990346,-51.01,35
991235,-50.87,35
992124,-50.74,35
993013,-50.61,35
993902,-50.49,35
994791,-50.35,35
995680,-50.21,35
996569,-50.09,35
997458,-49.97,35
998347,-49.84,35
999236,-49.70,35
1000125,-49.57,35
1001014,-49.44,35
1001903,-49.32,35
1002792,-49.19,35
1003681,-49.06,35
1004570,-48.92,35
1005459,-48.80,35
1006348,-48.68,35
1007237,-48.55,35
1008126,-48.42,35
1009015,-48.30,35
1009904,-48.18,35
1010793,-48.06,35
1011682,-47.93,35
1012571,-47.81,35
1013460,-47.69,35
1014349,-47.57,35
1015238,-47.43,35
1016127,-47.31,35
1017016,-47.19,35
1017905,-47.07,35
1018794,-46.94,35
1019683,-46.82,35
1020572,-46.70,35
1021461,-46.59,35
1022350,-46.47,35
1023239,-46.35,35
1024128,-46.24,35
1025017,-46.13,35
1025906,-46.02,35
1026795,-45.89,35
1027684,-45.78,35
1028573,-45.67,35
1029462,-45.56,35
1030351,-45.44,35
1031240,-45.33,35
1032129,-45.22,35
1033018,-45.12,35
1033907,-45.00,35
1034796,-44.89,35
1035685,-44.78,35
1036574,-44.69,35
1037463,-44.58,35
1038352,-44.46,35
1039241,-44.35,35
1040130,-44.25,35
1041019,-44.14,35
1041908,-44.04,35
1042797,-43.93,35
1043686,-43.83,35
1044575,-43.73,35
1045464,-43.62,35
1046353,-43.52,35
1047242,-43.42,35
1048131,-43.33,35
1049020,-43.23,35
1049909,-43.12,35
1050798,-43.02,35
1051687,-42.93,35
1052576,-42.83,35
1053465,-42.73,35
1054354,-42.64,35
1055243,-42.56,35
1056132,-42.47,35
1057021,-42.38,35
1057910,-42.28,35
1058799,-42.20,35
1059688,-42.12,35
1060577,-42.03,35
1061466,-41.94,35
1062355,-41.86,35
1063244,-41.77,35
1064133,-41.68,35
1065022,-41.59,35
1065911,-41.51,35
1066800,-41.42,35
1067689,-41.33,35
1068578,-41.25,35
1069467,-41.17,35
1070356,-41.10,35
1071245,-41.03,35
1072134,-40.96,35
1073023,-40.89,35
1073912,-40.81,35
1074801,-40.74,35
1075690,-40.67,35
1076579,-40.59,35
1077468,-40.53,35
1078357,-40.46,35
1079246,-40.40,35
1080135,-40.33,35
1081024,-40.26,35
1081913,-40.19,35
1082802,-40.14,35
1083691,-40.08,35
1084580,-40.01,35
1085469,-39.94,35
1086358,-39.88,35
1087247,-39.83,35
1088136,-39.78,35
1089025,-39.72,35
1089914,-39.67,35
1090803,-39.62,35
1091692,-39.56,35
1092581,-39.50,35
1093470,-39.46,35
1094359,-39.41,35
1095248,-39.36,35
1096137,-39.30,35
1097026,-39.25,35
1097915,-39.22,35
1098804,-39.17,35
1099693,-39.12,35
1100582,-39.07,35
1101471,-39.04,35
1102360,-39.00,35
1103249,-38.96,35
1104138,-38.93,35
1105027,-38.90,35
1105916,-38.87,35
1106805,-38.84,35
1107694,-38.79,35
1108583,-38.76,35
1109472,-38.72,35
1110361,-38.70,35
1111250,-38.67,35
1112139,-38.64,35
1113028,-38.61,35
1113917,-38.59,35
1114806,-38.56,35
1115695,-38.52,35
1116584,-38.50,35
1117473,-38.47,35
1118362,-38.45,35
1119251,-38.43,35
1120140,-38.41,35
1121029,-38.40,35
1121918,-38.38,35
1122807,-38.35,35
1123696,-38.34,35
1124585,-38.32,35
1125474,-38.32,35
1126363,-38.31,35
1127252,-38.29,35
1128141,-38.29,35
1129030,-38.28,35
1129919,-38.27,35
1130808,-38.26,35
1131697,-38.25,35
1132586,-38.25,35
1133475,-38.24,35
1134364,-38.24,35
1135253,-38.23,35
1136142,-38.24,35
1137031,-38.24,35
1137920,-38.24,35
1138809,-38.24,35
1139698,-38.23,35
1140587,-38.24,35
1141476,-38.24,35
1142365,-38.25,35
1143254,-38.26,35
1144143,-38.27,35
1145032,-38.28,35
1145921,-38.28,35
1146810,-38.29,35
1147699,-38.30,35
1148588,-38.31,35
1149477,-38.32,35
1150366,-38.32,35
1151255,-38.34,35
1152144,-38.35,35
1153033,-38.36,35
1153922,-38.38,35
1154811,-38.38,35
1155700,-38.41,35
1156589,-38.42,35
1157478,-38.43,35
1158367,-38.46,35
1159256,-38.48,35
1160145,-38.50,35
1161034,-38.51,35
1161923,-38.53,35
1162812,-38.55,35
1163701,-38.58,35
1164590,-38.60,35
1165479,-38.62,35
1166368,-38.66,35
1167257,-38.69,35
1168146,-38.71,35
1169035,-38.73,35
1169924,-38.76,35
1170813,-38.79,35
1171702,-38.82,35
1172591,-38.86,35
1173480,-38.90,35
1174369,-38.93,35
1175258,-38.97,35
1176147,-38.99,35
1177036,-39.02,35
1177925,-39.06,35
1178814,-39.10,35
1179703,-39.13,35
1180592,-39.17,35
1181481,-39.21,35
1182370,-39.25,35
1183259,-39.29,35
1184148,-39.32,35
1185037,-39.36,35
1185926,-39.40,35
1186815,-39.45,35
1187704,-39.49,35
1188593,-39.53,35
1189482,-39.57,35
1190371,-39.61,35
1191260,-39.65,35
1192149,-39.69,35
1193038,-39.72,35
1193927,-39.78,35
1194816,-39.81,35
1195705,-39.85,35
1196594,-39.90,35
1197483,-39.95,35
1198372,-39.99,35
1199261,-40.02,35
1200150,-40.07,35
1201039,-40.11,35
1201928,-40.16,35
1202817,-40.20,35
1203706,-40.25,35
1204595,-40.31,35
1205484,-40.37,35
1206373,-40.42,35
1207262,-40.46,35
1208151,-40.51,35
1209040,-40.58,35
1209929,-40.62,35
1210818,-40.67,35
1211707,-40.74,35
1212596,-40.79,35
1213485,-40.85,35
1214374,-40.90,35
1215263,-40.95,35
1216152,-41.01,35
1217041,-41.08,35
1217930,-41.13,35
1218819,-41.18,35
1219708,-41.25,35
1220597,-41.31,35
1221486,-41.37,35
1222375,-41.43,35
1223264,-41.50,35
1224153,-41.57,35
1225042,-41.63,35
1225931,-41.70,35
1226820,-41.77,35
1227709,-41.84,35
1228598,-41.90,35
1229487,-41.96,35
1230376,-42.03,35
1231265,-42.12,35
1232154,-42.18,35
1233043,-42.25,35
1233932,-42.32,35
1234821,-42.39,35
1235710,-42.45,35
1236599,-42.51,35
1237488,-42.59,35
1238377,-42.66,35
1239266,-42.73,35
1240155,-42.80,35
1241044,-42.87,35
1241933,-42.96,35
1242822,-43.03,35
1243711,-43.10,35
1244600,-43.16,35
1245489,-43.25,35
1246378,-43.32,35
1247267,-43.39,35
1248156,-43.46,35
1249045,-43.53,35
1249934,-43.60,35
1250823,-43.66,35
1251712,-43.74,35
1252601,-43.81,35
1253490,-43.90,35
1254379,-43.97,35
1255268,-44.04,35
1256157,-44.13,35
1257046,-44.21,35
1257935,-44.28,35
1258824,-44.35,35
1259713,-44.43,35
1260602,-44.51,35
1261491,-44.59,35
1262380,-44.67,35
1263269,-44.74,35
1264158,-44.83,35
1265047,-44.91,35
1265936,-44.99,35
1266825,-45.07,35
1267714,-45.15,35
1268603,-45.24,35
1269492,-45.31,35
1270381,-45.39,35
1271270,-45.47,35
1272159,-45.55,35
1273048,-45.62,35
1273937,-45.69,35
1274826,-45.78,35
1275715,-45.86,35
1276604,-45.94,35
1277493,-46.02,35
1278382,-46.09,35
1279271,-46.18,35
1280160,-46.26,35
1281049,-46.34,35
1281938,-46.41,35
1282827,-46.50,35
1283716,-46.58,35
1284605,-46.66,35
1285494,-46.73,35
1286383,-46.82,35
1287272,-46.92,35
1288161,-47.00,35
1289050,-47.08,35
1289939,-47.17,35
1290828,-47.26,35
1291717,-47.34,35
1292606,-47.41,35
1293495,-47.50,35
1294384,-47.58,35
1295273,-47.67,35
1296162,-47.74,35
1297051,-47.82,35
1297940,-47.92,35
1298829,-48.00,35
1299718,-48.08,35
1300607,-48.14,35
1301496,-48.23,35
1302385,-48.31,35
1303274,-48.39,35
1304163,-48.47,35
1305052,-48.56,35
1305941,-48.65,35
1306830,-48.73,35
1307719,-48.80,35
1308608,-48.87,35
1309497,-48.96,35
1310386,-49.05,35
1311275,-49.13,35
1312164,-49.21,35
1313053,-49.29,35
1313942,-49.38,35
1314831,-49.45,35
1315720,-49.52,35
1316609,-49.60,35
1317498,-49.69,35
1318387,-49.77,35
1319276,-49.83,35
1320165,-49.91,35
1321054,-50.00,35
1321943,-50.07,35
1322832,-50.15,35
1323721,-50.22,35
1324610,-50.30,35
1325499,-50.38,35
1326388,-50.46,35
1327277,-50.53,35
1328166,-50.61,35
1329055,-50.70,35
1329944,-50.77,35
1330833,-50.84,35
1331722,-50.92,35
1332611,-51.00,35
1333500,-51.08,35
1334389,-51.15,35
1335278,-51.21,35
1336167,-51.29,35
1337056,-51.36,35
1337945,-51.42,35
1338834,-51.49,35
1339723,-51.56,35
1340612,-51.64,35
1341501,-51.71,35
1342390,-51.78,35
1343279,-51.85,35
1344168,-51.93,35
1345057,-52.01,35
1345946,-52.07,35
1346835,-52.13,35
1347724,-52.20,35
1348613,-52.28,35
1349502,-52.35,35
1350391,-52.42,35
1351280,-52.48,35
1352169,-52.56,35
1353058,-52.64,35
1353947,-52.69,35
1354836,-52.76,35
1355725,-52.84,35
1356614,-52.92,35
1357503,-52.98,35
1358392,-53.04,35
1359281,-53.10,35
1360170,-53.16,35
1361059,-53.22,35
1361948,-53.27,35
1362837,-53.34,35
1363726,-53.41,35
1364615,-53.47,35
1365504,-53.52,35
1366393,-53.58,35
1367282,-53.65,35
1368171,-53.71,35
1369060,-53.77,35
1369949,-53.82,35
1370838,-53.88,35
1371727,-53.94,35
1372616,-53.99,35
1373505,-54.04,35
1374394,-54.10,35
1375283,-54.17,35
1376172,-54.23,35
1377061,-54.27,35
1377950,-54.33,35
1378839,-54.39,35
1379728,-54.45,35
1380617,-54.50,35
1381506,-54.54,35
1382395,-54.60,35
1383284,-54.66,35
1384173,-54.71,35
1385062,-54.76,35
1385951,-54.81,35
1386840,-54.86,35
1387729,-54.90,35
1388618,-54.94,35
1389507,-54.99,35
1390396,-55.04,35
1391285,-55.10,35
1392174,-55.14,35
1393063,-55.18,35
1393952,-55.23,35
1394841,-55.28,35
1395730,-55.32,35
1396619,-55.35,35
1397508,-55.39,35
1398397,-55.44,35
1399286,-55.48,35
1400175,-55.51,35
1401064,-55.55,35
1401953,-55.60,35
1402842,-55.64,35
1403731,-55.66,35
1404620,-55.69,35
1405509,-55.73,35
1406398,-55.77,35
1407287,-55.80,35
1408176,-55.83,35
1409065,-55.86,35
1409954,-55.90,35
1410843,-55.94,35
1411732,-55.96,35
1412621,-55.99,35
1413510,-56.02,35
1414399,-56.06,35
1415288,-56.08,35
1416177,-56.10,35
1417066,-56.12,35
1417955,-56.15,35
1418844,-56.17,35
1419733,-56.19,35
1420622,-56.22,35
1421511,-56.25,35
1422400,-56.27,35
1423289,-56.28,35
1424178,-56.29,35
1425067,-56.32,35
1425956,-56.35,35
1426845,-56.36,35
1427734,-56.37,35
1428623,-56.39,35
1429512,-56.41,35
1430401,-56.43,35
1431290,-56.44,35
1432179,-56.45,35
1433068,-56.47,35
1433957,-56.48,35
1434846,-56.49,35
1435735,-56.50,35
1436624,-56.52,35
1437513,-56.53,35
1438402,-56.54,35
1439291,-56.53,35
1440180,-56.55,35
1441069,-56.57,35
1441958,-56.59,35
1442847,-56.60,35
1443736,-56.61,35
1444625,-56.63,35
1445514,-56.63,35
1446403,-56.63,35
1447292,-56.63,35
1448181,-56.63,35
1449070,-56.64,35
1449959,-56.64,35
1450848,-56.63,35
1451737,-56.64,35
1452626,-56.64,35
1453515,-56.64,35
1454404,-56.63,35
1455293,-56.63,35
1456182,-56.63,35
1457071,-56.64,35
1457960,-56.63,35
1458849,-56.63,35
1459738,-56.63,35
1460627,-56.62,35
1461516,-56.61,35
1462405,-56.61,35
1463294,-56.61,35
1464183,-56.61,35
1465072,-56.60,35
1465961,-56.59,35
1466850,-56.59,35
1467739,-56.59,35
1468628,-56.59,35
1469517,-56.57,35
1470406,-56.56,35
1471295,-56.55,35
1472184,-56.55,35
1473073,-56.53,35
1473962,-56.51,35
1474851,-56.51,35
1475740,-56.50,35
1476629,-56.49,35
1477518,-56.47,35
1478407,-56.46,35
1479296,-56.46,35
1480185,-56.45,35
1481074,-56.43,35
1481963,-56.40,35
1482852,-56.39,35
1483741,-56.37,35
1484630,-56.34,35
1485519,-56.32,35
1486408,-56.30,35
1487297,-56.29,35
1488186,-56.27,35
1489075,-56.25,35
1489964,-56.23,35
1490853,-56.22,35
1491742,-56.20,35
1492631,-56.18,35
1493520,-56.16,35
1494409,-56.15,35
1495298,-56.12,35
1496187,-56.09,35
1497076,-56.07,35
1497965,-56.05,35
1498854,-56.03,35
1499743,-56.00,35
1500632,-55.97,35
1501521,-55.96,35
1502410,-55.95,35
1503299,-55.92,35
1504188,-55.88,35
1505077,-55.85,35
1505966,-55.83,35
1506855,-55.80,35
1507744,-55.77,35
1508633,-55.74,35
1509522,-55.72,35
1510411,-55.69,35
1511300,-55.66,35
1512189,-55.62,35
1513078,-55.60,35
1513967,-55.59,35
1514856,-55.56,35
1515745,-55.53,35
1516634,-55.50,35
1517523,-55.48,35
1518412,-55.45,35
1519301,-55.41,35
1520190,-55.37,35
1521079,-55.35,35
1521968,-55.32,35
1522857,-55.28,35
1523746,-55.25,35
1524635,-55.22,35
1525524,-55.20,35
1526413,-55.17,35
1527302,-55.12,35
1528191,-55.09,35
1529080,-55.05,35
1529969,-55.03,35
1530858,-54.99,35
1531747,-54.96,35
1532636,-54.94,35
1533525,-54.91,35
1534414,-54.87,35
1535303,-54.83,35
1536192,-54.81,35
1537081,-54.78,35
1537970,-54.75,35
1538859,-54.71,35
1539748,-54.67,35
1540637,-54.65,35
1541526,-54.60,35
1542415,-54.56,35
1543304,-54.52,35
1544193,-54.49,35
1545082,-54.46,35
1545971,-54.41,35
1546860,-54.37,35
1547749,-54.33,35
1548638,-54.30,35
1549527,-54.26,35
1550416,-54.22,35
1551305,-54.19,35
1552194,-54.16,35
1553083,-54.13,35
1553972,-54.08,35
1554861,-54.04,35
1555750,-54.01,35
1556639,-53.98,35
1557528,-53.94,35
1558417,-53.90,35
1559306,-53.87,35
1560195,-53.83,35
1561084,-53.78,35
1561973,-53.74,35
1562862,-53.70,35
1563751,-53.67,35
1564640,-53.63,35
1565529,-53.59,35
1566418,-53.55,35
1567307,-53.52,35
1568196,-53.48,35
1569085,-53.44,35
1569974,-53.39,35
1570863,-53.36,35
1571752,-53.32,35
1572641,-53.28,35
1573530,-53.23,35
1574419,-53.19,35
1575308,-53.16,35
1576197,-53.12,35
1577086,-53.08,35
1577975,-53.03,35
1578864,-53.00,35
1579753,-52.96,35
1580642,-52.92,35
1581531,-52.87,35
1582420,-52.84,35
1583309,-52.80,35
1584198,-52.75,35
1585087,-52.71,35
1585976,-52.68,35
1586865,-52.65,35
1587754,-52.61,35
1588643,-52.55,35
1589532,-52.52,35
1590421,-52.48,35
1591310,-52.43,35
1592199,-52.38,35
1593088,-52.34,35
1593977,-52.31,35
1594866,-52.26,35
1595755,-52.22,35
1596644,-52.18,35
1597533,-52.15,35
1598422,-52.11,35
1599311,-52.07,35
1600200,-52.04,35
1601089,-52.01,35
1601978,-51.96,35
1602867,-51.91,35
1603756,-51.87,35
1604645,-51.84,35
1605534,-51.80,35
1606423,-51.77,35
1607312,-51.73,35
1608201,-51.70,35
1609090,-51.66,35
1609979,-51.60,35
1610868,-51.57,35
1611757,-51.54,35
1612646,-51.50,35
1613535,-51.46,35
1614424,-51.42,35
1615313,-51.39,35
1616202,-51.35,35
1617091,-51.31,35
1617980,-51.28,35
1618869,-51.25,35
1619758,-51.22,35
1620647,-51.17,35
1621536,-51.14,35
1622425,-51.12,35
1623314,-51.09,35
1624203,-51.05,35
1625092,-51.01,35
1625981,-50.98,35
1626870,-50.95,35
1627759,-50.92,35
1628648,-50.87,35
1629537,-50.84,35
1630426,-50.81,35
1631315,-50.77,35
1632204,-50.72,35
1633093,-50.69,35
1633982,-50.66,35
1634871,-50.63,35
1635760,-50.59,35
1636649,-50.55,35
1637538,-50.52,35
1638427,-50.48,35
1639316,-50.44,35
1640205,-50.41,35
1641094,-50.39,35
1641983,-50.37,35
1642872,-50.33,35
1643761,-50.29,35
1644650,-50.26,35
1645539,-50.24,35
1646428,-50.21,35
1647317,-50.17,35
1648206,-50.15,35
1649095,-50.13,35
1649984,-50.10,35
1650873,-50.06,35
1651762,-50.03,35
1652651,-50.01,35
1653540,-49.99,35
1654429,-49.96,35
1655318,-49.93,35
1656207,-49.90,35
1657096,-49.88,35
1657985,-49.85,35
1658874,-49.82,35
1659763,-49.80,35
1660652,-49.78,35
1661541,-49.75,35
1662430,-49.72,35
1663319,-49.70,35
1664208,-49.68,35
1665097,-49.65,35
1665986,-49.63,35
1666875,-49.60,35
1667764,-49.58,35
1668653,-49.56,35
1669542,-49.53,35
1670431,-49.51,35
1671320,-49.49,35
1672209,-49.48,35
1673098,-49.46,35
1673987,-49.43,35
1674876,-49.41,35
1675765,-49.39,35
1676654,-49.38,35
1677543,-49.35,35
1678432,-49.33,35
1679321,-49.31,35
1680210,-49.29,35
1681099,-49.26,35
1681988,-49.24,35
1682877,-49.21,35
1683766,-49.20,35
1684655,-49.19,35
1685544,-49.17,35
1686433,-49.15,35
1687322,-49.14,35
1688211,-49.13,35
1689100,-49.12,35
1689989,-49.10,35
1690878,-49.07,35
1691767,-49.07,35
1692656,-49.06,35
1693545,-49.04,35
1694434,-49.03,35
1695323,-49.02,35
1696212,-49.00,35
1697101,-48.98,35
1697990,-48.96,35
1698879,-48.95,35
1699768,-48.94,35
1700657,-48.92,35
1701546,-48.89,35
1702435,-48.88,35
1703324,-48.87,35
1704213,-48.85,35
1705102,-48.83,35
1705991,-48.82,35
1706880,-48.81,35
1707769,-48.80,35
1708658,-48.79,35
1709547,-48.78,35
1710436,-48.77,35
1711325,-48.77,35
1712214,-48.76,35
1713103,-48.75,35
1713992,-48.73,35
1714881,-48.73,35
1715770,-48.72,35
1716659,-48.70,35
1717548,-48.69,35
1718437,-48.69,35
1719326,-48.69,35
1720215,-48.69,35
1721104,-48.68,35
1721993,-48.67,35
1722882,-48.67,35
1723771,-48.67,35
1724660,-48.66,35
1725549,-48.65,35
1726438,-48.65,35
1727327,-48.65,35
1728216,-48.64,35
1729105,-48.63,35
1729994,-48.63,35
1730883,-48.63,35
1731772,-48.61,35
1732661,-48.61,35
1733550,-48.61,35
1734439,-48.62,35
1735328,-48.62,35
1736217,-48.61,35
1737106,-48.60,35
1737995,-48.60,35
1738884,-48.60,35
1739773,-48.60,35
1740662,-48.59,35
1741551,-48.60,35
1742440,-48.60,35
1743329,-48.60,35
1744218,-48.59,35
1745107,-48.59,35
1745996,-48.59,35
1746885,-48.59,35
1747774,-48.58,35
1748663,-48.58,35
1749552,-48.58,35
1750441,-48.58,35
1751330,-48.58,35
1752219,-48.58,35
1753108,-48.57,35
1753997,-48.58,35
1754886,-48.59,35
1755775,-48.58,35
1756664,-48.58,35
1757553,-48.58,35
1758442,-48.58,35
1759331,-48.58,35
1760220,-48.57,35
1761109,-48.57,35
1761998,-48.57,35
1762887,-48.57,35
1763776,-48.56,35
1764665,-48.57,35
1765554,-48.58,35
1766443,-48.58,35
1767332,-48.58,35
1768221,-48.57,35
1769110,-48.59,35
1769999,-48.59,35
1770888,-48.58,35
1771777,-48.59,35
1772666,-48.60,35
1773555,-48.60,35
1774444,-48.60,35
1775333,-48.59,35
1776222,-48.59,35
1777111,-48.60,35
1778000,-48.60,35
1778889,-48.59,35
1779778,-48.59,35
1780667,-48.60,35
1781556,-48.60,35
1782445,-48.59,35
1783334,-48.59,35
1784223,-48.60,35
1785112,-48.60,35
1786001,-48.59,35
1786890,-48.59,35
1787779,-48.60,35
1788668,-48.61,35
1789557,-48.62,35
1790446,-48.62,35
1791335,-48.62,35
1792224,-48.62,35
1793113,-48.62,35
1794002,-48.62,35
1794891,-48.63,35
1795780,-48.64,35
1796669,-48.65,35
1797558,-48.64,35
1798447,-48.63,35
1799336,-48.64,35
1800225,-48.65,35
1801114,-48.65,35
1802003,-48.66,35
1802892,-48.66,35
1803781,-48.66,35
1804670,-48.66,35
1805559,-48.66,35
1806448,-48.67,35
1807337,-48.68,35
1808226,-48.68,35
1809115,-48.67,35
1810004,-48.67,35
1810893,-48.68,35
1811782,-48.70,35
1812671,-48.69,35
1813560,-48.69,35
1814449,-48.69,35
1815338,-48.70,35
1816227,-48.70,35
1817116,-48.70,35
1818005,-48.71,35
1818894,-48.72,35
1819783,-48.72,35
1820672,-48.71,35
1821561,-48.71,35
1822450,-48.72,35
1823339,-48.73,35
1824228,-48.73,35
1825117,-48.73,35
1826006,-48.74,35
1826895,-48.74,35
1827784,-48.74,35
1828673,-48.74,35
1829562,-48.74,35
1830451,-48.75,35
1831340,-48.75,35
1832229,-48.74,35
1833118,-48.74,35
1834007,-48.75,35
1834896,-48.75,35
1835785,-48.75,35
1836674,-48.75,35
1837563,-48.76,35
1838452,-48.76,35
1839341,-48.75,35
1840230,-48.76,35
1841119,-48.77,35
1842008,-48.78,35
1842897,-48.77,35
1843786,-48.77,35
1844675,-48.77,35
1845564,-48.79,35
1846453,-48.79,35
1847342,-48.78,35
1848231,-48.80,35
1849120,-48.81,35
1850009,-48.81,35
1850898,-48.80,35
1851787,-48.80,35
1852676,-48.81,35
1853565,-48.82,35
1854454,-48.82,35
1855343,-48.81,35
1856232,-48.82,35
1857121,-48.83,35
1858010,-48.82,35
1858899,-48.82,35
1859788,-48.82,35
1860677,-48.83,35
1861566,-48.83,35
1862455,-48.83,35
1863344,-48.84,35
1864233,-48.85,35
1865122,-48.85,35
1866011,-48.84,35
1866900,-48.84,35
1867789,-48.86,35
1868678,-48.87,35
1869567,-48.88,35
1870456,-48.88,35
1871345,-48.88,35
1872234,-48.89,35
1873123,-48.89,35
1874012,-48.89,35
1874901,-48.89,35
1875790,-48.91,35
1876679,-48.91,35
1877568,-48.91,35
1878457,-48.91,35
1879346,-48.92,35
1880235,-48.93,35
1881124,-48.92,35
1882013,-48.92,35
1882902,-48.92,35
1883791,-48.93,35
1884680,-48.92,35
1885569,-48.92,35
1886458,-48.94,35
1887347,-48.94,35
1888236,-48.93,35
1889125,-48.92,35
1890014,-48.93,35
1890903,-48.93,35
1891792,-48.94,35
1892681,-48.94,35
1893570,-48.94,35
1894459,-48.94,35
1895348,-48.93,35
1896237,-48.93,35
1897126,-48.94,35
1898015,-48.96,35
1898904,-48.95,35
1899793,-48.95,35
1900682,-48.94,35
1901571,-48.96,35
1902460,-48.96,35
1903349,-48.96,35
1904238,-48.96,35
1905127,-48.96,35
1906016,-48.96,35
1906905,-48.95,35
1907794,-48.94,35
1908683,-48.94,35
1909572,-48.95,35
1910461,-48.95,35
1911350,-48.94,35
1912239,-48.93,35
1913128,-48.94,35
1914017,-48.94,35
1914906,-48.94,35
1915795,-48.93,35
1916684,-48.94,35
1917573,-48.94,35
1918462,-48.94,35
1919351,-48.94,35
1920240,-48.95,35
1921129,-48.96,35
1922018,-48.95,35
1922907,-48.95,35
1923796,-48.95,35
1924685,-48.95,35
1925574,-48.95,35
1926463,-48.95,35
1927352,-48.97,35
1928241,-48.97,35
1929130,-48.96,35
1930019,-48.95,35
1930908,-48.96,35
1931797,-48.97,35
1932686,-48.96,35
1933575,-48.96,35
1934464,-48.95,35
1935353,-48.95,35
1936242,-48.94,35
1937131,-48.93,35
1938020,-48.95,35
1938909,-48.95,35
1939798,-48.95,35
1940687,-48.94,35
1941576,-48.94,35
1942465,-48.96,35
1943354,-48.96,35
1944243,-48.96,35
1945132,-48.97,35
1946021,-48.97,35
1946910,-48.97,35
1947799,-48.96,35
1948688,-48.97,35
1949577,-48.98,35
1950466,-48.98,35
1951355,-48.98,35
1952244,-48.98,35
1953133,-48.98,35
1954022,-48.98,35
1954911,-48.98,35
1955800,-48.98,35
1956689,-48.99,35
1957578,-48.99,35
1958467,-48.99,35
1959356,-49.00,35
1960245,-49.01,35
1961134,-49.01,35
1962023,-49.00,35
1962912,-49.01,35
1963801,-49.01,35
1964690,-49.02,35
1965579,-49.01,35
1966468,-49.02,35
1967357,-49.03,35
1968246,-49.03,35
1969135,-49.02,35
1970024,-49.02,35
1970913,-49.02,35
1971802,-49.03,35
1972691,-49.03,35
1973580,-49.04,35
1974469,-49.04,35
1975358,-49.04,35
1976247,-49.03,35
1977136,-49.03,35
1978025,-49.05,35
1978914,-49.06,35
1979803,-49.06,35
1980692,-49.07,35
1981581,-49.07,35
1982470,-49.06,35
1983359,-49.05,35
1984248,-49.06,35
1985137,-49.06,35
1986026,-49.06,35
1986915,-49.05,35
1987804,-49.05,35
1988693,-49.06,35
1989582,-49.06,35
1990471,-49.05,35
1991360,-49.05,35
1992249,-49.05,35
1993138,-49.06,35
1994027,-49.06,35
1994916,-49.06,35
1995805,-49.06,35
1996694,-49.05,35
1997583,-49.05,35
1998472,-49.05,35
1999361,-49.06,35
2000250,-49.07,35
2001139,-49.07,35
2002028,-49.06,35
2002917,-49.06,35
2003806,-49.06,35
2004695,-49.06,35
2005584,-49.06,35
2006473,-49.06,35
2007362,-49.06,35
2008251,-49.06,35
2009140,-49.05,35
2010029,-49.06,35
2010918,-49.07,35
2011807,-49.07,35
2012696,-49.06,35
2013585,-49.07,35
2014474,-49.08,35
2015363,-49.08,35
2016252,-49.08,35
2017141,-49.07,35
2018030,-49.07,35
2018919,-49.07,35
2019808,-49.06,35
2020697,-49.07,35
2021586,-49.08,35
2022475,-49.08,35
2023364,-49.07,35
2024253,-49.07,35
2025142,-49.07,35
2026031,-49.07,35
2026920,-49.07,35
2027809,-49.08,35
2028698,-49.09,35
2029587,-49.09,35
2030476,-49.09,35
2031365,-49.09,35
2032254,-49.10,35
2033143,-49.10,35
2034032,-49.10,35
2034921,-49.10,35
2035810,-49.10,35
2036699,-49.10,35
2037588,-49.09,35
2038477,-49.09,35
2039366,-49.09,35
2040255,-49.09,35
2041144,-49.09,35
2042033,-49.08,35
2042922,-49.08,35
2043811,-49.09,35
2044700,-49.09,35
2045589,-49.09,35
2046478,-49.09,35
2047367,-49.10,35
2048256,-49.09,35
2049145,-49.09,35
2050034,-49.10,35
2050923,-49.11,35
2051812,-49.12,35
2052701,-49.11,35
2053590,-49.10,35
2054479,-49.10,35
2055368,-49.10,35
2056257,-49.09,35
2057146,-49.10,35
2058035,-49.11,35
2058924,-49.11,35
2059813,-49.10,35
2060702,-49.10,35
2061591,-49.10,35
2062480,-49.11,35
2063369,-49.10,35
2064258,-49.10,35
2065147,-49.10,35
2066036,-49.11,35
2066925,-49.10,35
2067814,-49.10,35
2068703,-49.10,35
2069592,-49.11,35
2070481,-49.11,35
2071370,-49.10,35
2072259,-49.10,35
2073148,-49.10,35
2074037,-49.10,35
2074926,-49.10,35
2075815,-49.11,35
2076704,-49.11,35
2077593,-49.10,35
2078482,-49.10,35
2079371,-49.10,35
2080260,-49.11,35
2081149,-49.11,35
2082038,-49.10,35
2082927,-49.10,35
2083816,-49.11,35
2084705,-49.11,35
2085594,-49.11,35
2086483,-49.12,35
2087372,-49.12,35
2088261,-49.12,35
2089150,-49.10,35
2090039,-49.11,35
2090928,-49.12,35
2091817,-49.13,35
2092706,-49.12,35
2093595,-49.12,35
2094484,-49.12,35
2095373,-49.12,35
2096262,-49.12,35
2097151,-49.12,35
2098040,-49.13,35
2098929,-49.13,35
2099818,-49.12,35
2100707,-49.12,35
2101596,-49.13,35
2102485,-49.14,35
2103374,-49.14,35
2104263,-49.14,35
2105152,-49.14,35
2106041,-49.14,35
2106930,-49.14,35
2107819,-49.14,35
2108708,-49.14,35
2109597,-49.14,35
2110486,-49.14,35
2111375,-49.13,35
2112264,-49.14,35
2113153,-49.14,35
2114042,-49.15,35
2114931,-49.14,35
2115820,-49.13,35
2116709,-49.14,35
2117598,-49.13,35
2118487,-49.13,35
2119376,-49.13,35
2120265,-49.15,35
2121154,-49.15,35
2122043,-49.15,35
2122932,-49.14,35
2123821,-49.15,35
2124710,-49.15,35
2125599,-49.14,35
2126488,-49.14,35
2127377,-49.14,35
2128266,-49.16,35
2129155,-49.15,35
2130044,-49.15,35
2130933,-49.16,35
2131822,-49.17,35
2132711,-49.17,35
2133600,-49.16,35
2134489,-49.17,35
2135378,-49.18,35
2136267,-49.18,35
2137156,-49.17,35
2138045,-49.17,35
2138934,-49.18,35
2139823,-49.18,35
2140712,-49.17,35
2141601,-49.17,35
2142490,-49.18,35
2143379,-49.18,35
2144268,-49.17,35
2145157,-49.16,35
2146046,-49.16,35
2146935,-49.17,35
2147824,-49.17,35
2148713,-49.17,35
2149602,-49.17,35
2150491,-49.18,35
2151380,-49.17,35
2152269,-49.17,35
2153158,-49.17,35
2154047,-49.18,35
2154936,-49.19,35
2155825,-49.18,35
2156714,-49.18,35
2157603,-49.18,35
2158492,-49.18,35
2159381,-49.17,35
2160270,-49.16,35
2161159,-49.16,35
2162048,-49.16,35
2162937,-49.16,35
2163826,-49.14,35
2164715,-49.15,35
2165604,-49.15,35
2166493,-49.15,35
2167382,-49.14,35
2168271,-49.14,35
2169160,-49.15,35
2170049,-49.15,35
2170938,-49.14,35
2171827,-49.14,35
2172716,-49.14,35
2173605,-49.14,35
2174494,-49.13,35
2175383,-49.14,35
2176272,-49.14,35
2177161,-49.13,35
2178050,-49.12,35
2178939,-49.11,35
2179828,-49.11,35
2180717,-49.12,35
2181606,-49.12,35
2182495,-49.11,35
2183384,-49.12,35
2184273,-49.12,35
2185162,-49.12,35
2186051,-49.12,35
2186940,-49.11,35
2187829,-49.13,35
2188718,-49.12,35
2189607,-49.12,35
2190496,-49.12,35
2191385,-49.13,35
2192274,-49.13,35
2193163,-49.12,35
2194052,-49.12,35
2194941,-49.13,35
2195830,-49.14,35
2196719,-49.13,35
2197608,-49.12,35
2198497,-49.13,35
2199386,-49.13,35
2200275,-49.13,35
2201164,-49.12,35
2202053,-49.12,35
2202942,-49.13,35
2203831,-49.13,35
2204720,-49.13,35
2205609,-49.13,35
2206498,-49.14,35
2207387,-49.14,35
2208276,-49.13,35
2209165,-49.13,35
2210054,-49.14,35
2210943,-49.14,35
2211832,-49.13,35
2212721,-49.12,35
2213610,-49.12,35
2214499,-49.12,35
2215388,-49.12,35
2216277,-49.11,35
2217166,-49.12,35
2218055,-49.13,35
2218944,-49.12,35
2219833,-49.11,35
2220722,-49.12,35
2221611,-49.13,35
2222500,-49.13,35
2223389,-49.12,35
2224278,-49.12,35
2225167,-49.12,35
2226056,-49.13,35
2226945,-49.12,35
2227834,-49.11,35
2228723,-49.11,35
2229612,-49.11,35
2230501,-49.10,35
2231390,-49.10,35
2232279,-49.10,35
2233168,-49.11,35
2234057,-49.11,35
2234946,-49.10,35
2235835,-49.10,35
2236724,-49.10,35
2237613,-49.10,35
2238502,-49.10,35
2239391,-49.10,35
2240280,-49.10,35
2241169,-49.10,35
2242058,-49.09,35
2242947,-49.08,35
2243836,-49.09,35
2244725,-49.09,35
2245614,-49.08,35
2246503,-49.07,35
2247392,-49.07,35
2248281,-49.07,35
2249170,-49.07,35
2250059,-49.06,35
2250948,-49.07,35
2251837,-49.07,35
2252726,-49.07,35
2253615,-49.07,35
2254504,-49.07,35
2255393,-49.08,35
2256282,-49.08,35
2257171,-49.07,35
2258060,-49.06,35
2258949,-49.08,35
2259838,-49.08,35
2260727,-49.07,35
2261616,-49.07,35
2262505,-49.07,35
2263394,-49.07,35
2264283,-49.07,35
2265172,-49.06,35
2266061,-49.07,35
2266950,-49.07,35
2267839,-49.08,35
2268728,-49.07,35
2269617,-49.07,35
2270506,-49.07,35
2271395,-49.08,35
2272284,-49.07,35
2273173,-49.06,35
2274062,-49.07,35
2274951,-49.08,35
2275840,-49.08,35
2276729,-49.07,35
2277618,-49.08,35
2278507,-49.08,35
2279396,-49.07,35
2280285,-49.07,35
2281174,-49.08,35
2282063,-49.09,35
2282952,-49.09,35
2283841,-49.07,35
2284730,-49.08,35
2285619,-49.09,35
2286508,-49.10,35
2287397,-49.09,35
2288286,-49.08,35
2289175,-49.09,35
2290064,-49.09,35
2290953,-49.08,35
2291842,-49.08,35
2292731,-49.09,35
2293620,-49.09,35
2294509,-49.09,35
2295398,-49.07,35
2296287,-49.07,35
2297176,-49.08,35
2298065,-49.08,35
2298954,-49.07,35
2299843,-49.07,35
2300732,-49.08,35
2301621,-49.08,35
2302510,-49.07,35
2303399,-49.08,35
2304288,-49.09,35
2305177,-49.10,35
2306066,-49.09,35
2306955,-49.08,35
2307844,-49.09,35
2308733,-49.10,35
2309622,-49.10,35
2310511,-49.09,35
2311400,-49.09,35
2312289,-49.10,35
2313178,-49.09,35
2314067,-49.09,35
2314956,-49.09,35
2315845,-49.10,35
2316734,-49.10,35
2317623,-49.10,35
2318512,-49.10,35
2319401,-49.09,35
2320290,-49.09,35
2321179,-49.09,35
2322068,-49.09,35
2322957,-49.09,35
2323846,-49.10,35
2324735,-49.09,35
2325624,-49.09,35
2326513,-49.10,35
2327402,-49.10,35
2328291,-49.10,35
2329180,-49.09,35
2330069,-49.09,35
2330958,-49.09,35
2331847,-49.09,35
2332736,-49.09,35
2333625,-49.10,35
2334514,-49.10,35
2335403,-49.11,35
2336292,-49.10,35
2337181,-49.09,35
2338070,-49.09,35
2338959,-49.10,35
2339848,-49.10,35
2340737,-49.09,35
2341626,-49.10,35
2342515,-49.10,35
2343404,-49.10,35
2344293,-49.10,35
2345182,-49.10,35
2346071,-49.11,35
2346960,-49.11,35
2347849,-49.11,35
2348738,-49.11,35
2349627,-49.11,35
2350516,-49.11,35
2351405,-49.11,35
2352294,-49.11,35
2353183,-49.11,35
2354072,-49.12,35
2354961,-49.12,35
2355850,-49.11,35
2356739,-49.12,35
2357628,-49.12,35
2358517,-49.12,35
2359406,-49.12,35
2360295,-49.12,35
2361184,-49.13,35
2362073,-49.13,35
2362962,-49.12,35
2363851,-49.12,35
2364740,-49.13,35
2365629,-49.12,35
2366518,-49.11,35
2367407,-49.11,35
2368296,-49.11,35
2369185,-49.11,35
2370074,-49.11,35
2370963,-49.10,35
2371852,-49.10,35
2372741,-49.11,35
2373630,-49.10,35
2374519,-49.10,35
2375408,-49.11,35
2376297,-49.12,35
2377186,-49.12,35
2378075,-49.11,35
2378964,-49.11,35
2379853,-49.12,35
2380742,-49.11,35
2381631,-49.10,35
2382520,-49.09,35
2383409,-49.10,35
2384298,-49.11,35
2385187,-49.11,35
2386076,-49.10,35
2386965,-49.10,35
2387854,-49.10,35
2388743,-49.09,35
2389632,-49.09,35
2390521,-49.09,35
2391410,-49.09,35
2392299,-49.09,35
2393188,-49.08,35
2394077,-49.07,35
2394966,-49.08,35
2395855,-49.09,35
2396744,-49.08,35
2397633,-49.09,35
2398522,-49.10,35
2399411,-49.10,35
2400300,-49.10,35
2401189,-49.10,35
2402078,-49.11,35
2402967,-49.11,35
2403856,-49.10,35
2404745,-49.09,35
2405634,-49.09,35
2406523,-49.11,35
2407412,-49.11,35
2408301,-49.12,35
2409190,-49.11,35
2410079,-49.12,35
2410968,-49.11,35
2411857,-49.10,35
2412746,-49.10,35
2413635,-49.12,35
2414524,-49.12,35
2415413,-49.11,35
2416302,-49.10,35
2417191,-49.11,35
2418080,-49.11,35
2418969,-49.10,35
2419858,-49.10,35
2420747,-49.10,35
2421636,-49.11,35
2422525,-49.11,35
2423414,-49.10,35
2424303,-49.11,35
2425192,-49.12,35
2426081,-49.11,35
2426970,-49.10,35
2427859,-49.11,35
2428748,-49.12,35
2429637,-49.12,35
2430526,-49.12,35
2431415,-49.10,35
2432304,-49.10,35
2433193,-49.11,35
2434082,-49.10,35
2434971,-49.10,35
2435860,-49.10,35
2436749,-49.10,35
2437638,-49.10,35
2438527,-49.09,35
2439416,-49.08,35
2440305,-49.09,35
2441194,-49.10,35
2442083,-49.09,35
2442972,-49.09,35
2443861,-49.09,35
2444750,-49.09,35
2445639,-49.08,35
2446528,-49.08,35
2447417,-49.08,35
2448306,-49.08,35
2449195,-49.08,35
2450084,-49.06,35
2450973,-49.07,35
2451862,-49.07,35
2452751,-49.08,35
2453640,-49.08,35
2454529,-49.07,35
2455418,-49.07,35
2456307,-49.07,35
2457196,-49.06,35
2458085,-49.06,35
2458974,-49.06,35
2459863,-49.06,35
2460752,-49.05,35
2461641,-49.04,35
2462530,-49.04,35
2463419,-49.05,35
2464308,-49.04,35
2465197,-49.04,35
2466086,-49.04,35
2466975,-49.04,35
2467864,-49.04,35
2468753,-49.03,35
2469642,-49.02,35
2470531,-49.03,35
2471420,-49.04,35
2472309,-49.03,35
2473198,-49.03,35
2474087,-49.03,35
2474976,-49.04,35
2475865,-49.04,35
2476754,-49.03,35
2477643,-49.02,35
2478532,-49.03,35
2479421,-49.02,35
2480310,-49.02,35
2481199,-49.03,35
2482088,-49.04,35
2482977,-49.03,35
2483866,-49.03,35
2484755,-49.02,35
2485644,-49.02,35
2486533,-49.02,35
2487422,-49.02,35
2488311,-49.01,35
2489200,-49.02,35
2490089,-49.03,35
2490978,-49.03,35
2491867,-49.02,35
2492756,-49.02,35
2493645,-49.03,35
2494534,-49.03,35
2495423,-49.02,35
2496312,-49.02,35
2497201,-49.03,35
2498090,-49.04,35
2498979,-49.03,35
2499868,-49.03,35
2500757,-49.04,35
2501646,-49.04,35
2502535,-49.04,35
2503424,-49.04,35
2504313,-49.04,35
2505202,-49.05,35
2506091,-49.05,35
2506980,-49.04,35
2507869,-49.04,35
2508758,-49.04,35
2509647,-49.03,35
2510536,-49.03,35
2511425,-49.03,35
2512314,-49.03,35
2513203,-49.04,35
2514092,-49.04,35
2514981,-49.03,35
2515870,-49.03,35
2516759,-49.03,35
2517648,-49.03,35
2518537,-49.02,35
2519426,-49.02,35
2520315,-49.02,35
2521204,-49.03,35
2522093,-49.02,35
2522982,-49.02,35
2523871,-49.02,35
2524760,-49.01,35
2525649,-49.01,35
2526538,-49.01,35
2527427,-49.01,35
2528316,-49.02,35
2529205,-49.02,35
2530094,-49.01,35
2530983,-49.02,35
2531872,-49.02,35
2532761,-49.02,35
2533650,-49.01,35
2534539,-49.01,35
2535428,-49.03,35
2536317,-49.04,35
2537206,-49.04,35
2538095,-49.04,35
2538984,-49.04,35
2539873,-49.04,35
2540762,-49.04,35
2541651,-49.03,35
2542540,-49.04,35
2543429,-49.05,35
2544318,-49.05,35
2545207,-49.04,35
2546096,-49.03,35
2546985,-49.04,35
2547874,-49.05,35
2548763,-49.04,35
2549652,-49.04,35
2550541,-49.04,35
2551430,-49.04,35
2552319,-49.04,35
2553208,-49.04,35
2554097,-49.04,35
2554986,-49.05,35
2555875,-49.05,35
2556764,-49.04,35
2557653,-49.04,35
2558542,-49.05,35
2559431,-49.05,35
2560320,-49.05,35
2561209,-49.04,35
2562098,-49.05,35
2562987,-49.05,35
2563876,-49.04,35
2564765,-49.03,35
2565654,-49.04,35
2566543,-49.04,35
2567432,-49.05,35
2568321,-49.04,35
2569210,-49.04,35
2570099,-49.04,35
2570988,-49.04,35
2571877,-49.04,35
2572766,-49.04,35
2573655,-49.05,35
2574544,-49.05,35
2575433,-49.04,35
2576322,-49.03,35
2577211,-49.04,35
2578100,-49.04,35
2578989,-49.04,35
2579878,-49.04,35
2580767,-49.04,35
2581656,-49.05,35
2582545,-49.04,35
2583434,-49.03,35
2584323,-49.04,35
2585212,-49.05,35
2586101,-49.05,35
2586990,-49.04,35
2587879,-49.04,35
2588768,-49.04,35
2589657,-49.04,35
2590546,-49.04,35
2591435,-49.05,35
2592324,-49.05,35
2593213,-49.06,35
2594102,-49.05,35
2594991,-49.05,35
2595880,-49.06,35
2596769,-49.07,35
2597658,-49.06,35
