tempo_ms,angulo_deg,u_pct,referencia
11,-0.04,0.87,0.00
21,-0.04,0.05,0.00
31,-0.04,0.04,0.00
41,-0.04,0.03,0.00
51,-0.05,0.04,0.00
61,-0.05,0.05,0.00
71,-0.05,0.02,0.00
81,-0.04,0.00,0.00
91,-0.04,0.03,0.00
101,-0.04,0.00,0.00
111,-0.05,0.08,0.00
121,-0.05,0.04,0.00
131,-0.05,0.04,0.00
141,-0.04,0.00,0.00
151,-0.05,0.06,0.00
161,-0.05,0.05,0.00
171,-0.05,0.03,0.00
181,-0.05,0.03,0.00
191,-0.05,0.04,0.00
201,-0.05,0.01,0.00
211,-0.04,-0.06,0.00
221,-0.04,0.02,0.00
231,-0.04,0.07,0.00
241,-0.04,0.03,0.00
251,-0.04,0.02,0.00
261,-0.04,0.07,0.00
271,-0.04,0.02,0.00
281,-0.04,0.01,0.00
291,-0.04,0.04,0.00
301,-0.04,0.03,0.00
311,-0.04,0.03,0.00
321,-0.04,0.04,0.00
331,-0.04,0.07,0.00
341,-0.05,0.05,0.00
351,-0.05,0.12,0.00
361,-0.05,0.05,0.00
371,-0.05,0.05,0.00
381,-0.05,0.01,0.00
391,-0.05,-0.01,0.00
401,-0.05,0.01,0.00
411,-0.05,0.04,0.00
421,-0.04,0.02,0.00
431,-0.05,0.07,0.00
441,-0.05,0.04,0.00
451,-0.05,0.09,0.00
461,-0.05,0.06,0.00
471,-0.05,0.03,0.00
481,-0.05,0.01,0.00
491,-0.05,0.03,0.00
501,-0.05,0.04,0.00
511,-0.05,0.04,0.00
521,-0.05,0.06,0.00
531,-0.05,0.07,0.00
541,-0.05,0.00,0.00
551,-0.05,0.05,0.00
561,-0.05,0.07,0.00
571,-0.05,0.04,0.00
581,-0.05,0.03,0.00
591,-0.05,0.01,0.00
601,-0.04,0.00,0.00
611,-0.04,0.06,0.00
621,-0.04,0.06,0.00
631,-0.05,0.08,0.00
641,-0.05,0.05,0.00
651,-0.05,0.08,0.00
661,-0.05,0.07,0.00
671,-0.05,0.03,0.00
681,-0.05,0.07,0.00
691,-0.05,0.01,0.00
701,-0.05,0.04,0.00
711,-0.05,0.04,0.00
721,-0.05,0.04,0.00
731,-0.05,0.05,0.00
741,-0.05,0.04,0.00
751,-0.04,0.01,0.00
761,-0.04,0.03,0.00
771,-0.04,0.03,0.00
781,-0.04,0.06,0.00
791,-0.04,0.05,0.00
801,-0.04,0.07,0.00
811,-0.05,0.08,0.00
821,-0.05,0.07,0.00
831,-0.05,0.12,0.00
841,-0.05,0.05,0.00
851,-0.05,0.04,0.00
861,-0.05,0.08,0.00
871,-0.05,0.05,0.00
881,-0.05,0.04,0.00
891,-0.05,0.08,0.00
901,-0.05,0.08,0.00
911,-0.05,0.06,0.00
921,-0.05,0.06,0.00
931,-0.05,0.05,0.00
941,-0.05,0.08,0.00
951,-0.05,0.02,0.00
961,-0.05,0.12,0.00
971,-0.06,0.10,0.00
981,-0.05,0.04,0.00
991,-0.06,0.09,0.00
1001,-0.06,0.08,0.00
1011,-0.06,0.04,0.00
1021,-0.05,0.00,0.00
1031,-0.05,0.08,0.00
1041,-0.05,0.09,0.00
1051,-0.06,0.10,0.00
1061,-0.06,0.13,0.00
1071,-0.06,0.05,0.00
1081,-0.06,0.02,0.00
1091,-0.05,0.04,0.00
1101,-0.05,0.01,0.00
1111,-0.05,0.04,0.00
1121,-0.05,0.04,0.00
1131,-0.05,0.06,0.00
1141,-0.05,0.10,0.00
1151,-0.05,0.12,0.00
1161,-0.06,0.13,0.00
1171,-0.06,0.12,0.00
1181,-0.06,0.12,0.00
1191,-0.06,0.08,0.00
1201,-0.06,0.08,0.00
1211,-0.06,0.05,0.00
1221,-0.06,0.02,0.00
1231,-0.06,0.06,0.00
1241,-0.06,0.10,0.00
1251,-0.06,0.07,0.00
1261,-0.06,0.07,0.00
1271,-0.06,0.07,0.00
1281,-0.06,0.09,0.00
1291,-0.06,0.09,0.00
1301,-0.06,0.08,0.00
1311,-0.06,0.09,0.00
1321,-0.06,0.02,0.00
1331,-0.05,0.02,0.00
1341,-0.05,0.04,0.00
1351,-0.06,0.12,0.00
1361,-0.05,0.05,0.00
1371,-0.06,0.11,0.00
1381,-0.06,0.17,0.00
1391,-0.06,0.07,0.00
1401,-0.06,0.08,0.00
1411,-0.06,0.09,0.00
1421,-0.06,0.06,0.00
1431,-0.06,0.02,0.00
1441,-0.05,0.03,0.00
1451,-0.06,0.11,0.00
1461,-0.06,0.08,0.00
1471,-0.05,0.04,0.00
1481,-0.05,0.05,0.00
1491,-0.05,0.08,0.00
1501,-0.05,0.02,0.00
1511,-0.05,0.03,0.00
1521,-0.05,0.04,0.00
1531,-0.05,0.08,0.00
1541,-0.05,0.07,0.00
1551,-0.04,0.06,0.00
1561,-0.04,0.03,0.00
1571,-0.04,0.09,0.00
1581,-0.04,0.08,0.00
1591,-0.04,0.07,0.00
1601,-0.04,0.10,0.00
1611,-0.04,0.08,0.00
1621,-0.04,0.09,0.00
1631,-0.05,0.10,0.00
1641,-0.05,0.10,0.00
1651,-0.05,0.11,0.00
1661,-0.05,0.06,0.00
1671,-0.05,0.07,0.00
1681,-0.05,0.08,0.00
1691,-0.05,0.09,0.00
1701,-0.05,0.09,0.00
1711,-0.05,0.12,0.00
1721,-0.05,0.06,0.00
1731,-0.05,0.05,0.00
1741,-0.04,0.05,0.00
1751,-0.04,0.03,0.00
1761,-0.04,0.05,0.00
1771,-0.04,0.04,0.00
1781,-0.04,0.04,0.00
1791,-0.04,0.09,0.00
1801,-0.04,0.06,0.00
1811,-0.03,0.00,0.00
1821,-0.03,-0.01,0.00
1831,-0.03,0.06,0.00
1841,-0.03,0.11,0.00
1851,-0.03,0.04,0.00
1861,-0.03,0.06,0.00
1871,-0.03,0.09,0.00
1881,-0.03,0.14,0.00
1891,-0.03,0.08,0.00
1901,-0.03,0.09,0.00
1911,-0.03,0.11,0.00
1921,-0.03,0.10,0.00
1931,-0.03,0.11,0.00
1941,-0.03,0.08,0.00
1951,-0.04,0.14,0.00
1961,-0.04,0.04,0.00
1971,-0.03,0.05,0.00
1981,-0.03,0.04,0.00
1991,-0.03,0.07,0.00
2001,-0.03,0.12,0.00
2011,-0.04,0.15,0.00
2021,-0.04,0.11,0.00
2031,-0.04,0.10,0.00
2041,-0.04,0.10,0.00
2051,-0.04,0.10,0.00
2061,-0.04,0.04,0.00
2071,-0.04,0.14,0.00
2081,-0.04,0.06,0.00
2091,-0.04,0.07,0.00
2101,-0.04,0.14,0.00
2111,-0.04,0.07,0.00
2121,-0.04,0.07,0.00
2131,-0.04,0.09,0.00
2141,-0.04,0.09,0.00
2151,-0.04,0.12,0.00
2161,-0.04,0.14,0.00
2171,-0.04,0.07,0.00
2181,-0.04,0.14,0.00
2191,-0.05,0.16,0.00
2201,-0.05,0.11,0.00
2211,-0.05,0.10,0.00
2221,-0.05,0.12,0.00
2231,-0.05,0.05,0.00
2241,-0.05,0.11,0.00
2251,-0.05,0.06,0.00
2261,-0.05,0.11,0.00
2271,-0.05,0.08,0.00
2281,-0.04,0.06,0.00
2291,-0.04,0.09,0.00
2301,-0.04,0.09,0.00
2311,-0.04,0.08,0.00
2321,-0.04,0.08,0.00
2331,-0.04,0.07,0.00
2341,-0.04,0.12,0.00
2351,-0.04,0.10,0.00
2361,-0.04,0.07,0.00
2371,-0.04,0.10,0.00
2381,-0.04,0.07,0.00
2391,-0.04,0.07,0.00
2401,-0.04,0.08,0.00
2411,-0.04,0.09,0.00
2421,-0.04,0.15,0.00
2431,-0.04,0.07,0.00
2441,-0.03,0.03,0.00
2451,-0.03,0.09,0.00
2461,-0.04,0.11,0.00
2471,-0.03,0.08,0.00
2481,-0.03,0.08,0.00
2491,-0.03,0.11,0.00
2501,-0.03,0.07,0.00
2511,-0.03,0.11,0.00
2521,-0.03,0.06,0.00
2531,-0.03,0.06,0.00
2541,-0.03,0.07,0.00
2551,-0.03,0.12,0.00
2561,-0.03,0.12,0.00
2571,-0.03,0.07,0.00
2581,-0.03,0.09,0.00
2591,-0.03,0.08,0.00
2601,-0.03,0.11,0.00
2611,-0.03,0.08,0.00
2621,-0.03,0.10,0.00
2631,-0.03,0.03,0.00
2641,-0.03,0.05,0.00
2651,-0.02,0.09,0.00
2661,-0.02,0.05,0.00
2671,-0.02,0.11,0.00
2681,-0.02,0.11,0.00
2691,-0.03,0.13,0.00
2701,-0.03,0.13,0.00
2711,-0.03,0.12,0.00
2721,-0.03,0.11,0.00
2731,-0.03,0.14,0.00
2741,-0.03,0.12,0.00
2751,-0.03,0.10,0.00
2761,-0.03,0.08,0.00
2771,-0.03,0.08,0.00
2781,-0.03,0.07,0.00
2791,-0.03,0.09,0.00
2801,-0.03,0.05,0.00
2811,-0.03,0.08,0.00
2821,-0.02,0.08,0.00
2831,-0.03,0.14,0.00
2841,-0.03,0.09,0.00
2851,-0.03,0.12,0.00
2861,-0.03,0.10,0.00
2871,-0.03,0.14,0.00
2881,-0.03,0.10,0.00
2891,-0.03,0.12,0.00
2901,-0.03,0.10,0.00
2911,-0.03,0.13,0.00
2921,-0.03,0.14,0.00
2931,-0.04,0.17,0.00
2941,-0.04,0.14,0.00
2951,-0.04,0.13,0.00
2961,-0.04,0.09,0.00
2971,-0.04,0.12,0.00
2981,-0.04,0.10,0.00
2991,-0.04,0.15,0.00
3001,-0.04,0.11,0.00
3011,-0.04,0.14,0.00
3021,-0.04,0.16,0.00
3031,-0.04,0.10,0.00
3041,-0.04,0.09,0.00
3051,-0.04,0.11,0.00
3061,-0.04,0.10,0.00
3071,-0.04,0.10,0.00
3081,-0.04,0.06,0.00
3091,-0.04,0.07,0.00
3101,-0.04,0.11,0.00
3111,-0.04,0.14,0.00
3121,-0.04,0.16,0.00
3131,-0.04,0.11,0.00
3141,-0.04,0.11,0.00
3151,-0.04,0.07,0.00
3161,-0.04,0.14,0.00
3171,-0.04,0.11,0.00
3181,-0.04,0.13,0.00
3191,-0.04,0.10,0.00
3201,-0.04,0.09,0.00
3211,-0.04,0.08,0.00
3221,-0.04,0.08,0.00
3231,-0.03,0.08,0.00
3241,-0.03,0.07,0.00
3251,-0.03,0.11,0.00
3261,-0.03,0.15,0.00
3271,-0.04,0.15,0.00
3281,-0.03,0.09,0.00
3291,-0.03,0.11,0.00
3301,-0.04,0.14,0.00
3311,-0.04,0.12,0.00
3321,-0.04,0.14,0.00
3331,-0.04,0.12,0.00
3341,-0.04,0.12,0.00
3351,-0.04,0.10,0.00
3361,-0.04,0.14,0.00
3371,-0.04,0.12,0.00
3381,-0.04,0.16,0.00
3391,-0.04,0.09,0.00
3401,-0.04,0.10,0.00
3411,-0.04,0.08,0.00
3421,-0.03,0.08,0.00
3431,-0.04,0.16,0.00
3441,-0.04,0.12,0.00
3451,-0.03,0.10,0.00
3461,-0.03,0.11,0.00
3471,-0.03,0.09,0.00
3481,-0.03,0.11,0.00
3491,-0.03,0.13,0.00
3501,-0.03,0.10,0.00
3511,-0.03,0.10,0.00
3521,-0.03,0.12,0.00
3531,-0.03,0.10,0.00
3541,-0.03,0.12,0.00
3551,-0.03,0.12,0.00
3561,-0.03,0.13,0.00
3571,-0.03,0.08,0.00
3581,-0.03,0.07,0.00
3591,-0.03,0.11,0.00
3601,-0.03,0.12,0.00
3611,-0.03,0.14,0.00
3621,-0.03,0.12,0.00
3631,-0.03,0.09,0.00
3641,-0.03,0.09,0.00
3651,-0.03,0.10,0.00
3661,-0.03,0.12,0.00
3671,-0.03,0.12,0.00
3681,-0.02,0.10,0.00
3691,-0.02,0.06,0.00
3701,-0.02,0.12,0.00
3711,-0.03,0.17,0.00
3721,-0.02,0.09,0.00
3731,-0.02,0.10,0.00
3741,-0.02,0.11,0.00
3751,-0.02,0.15,0.00
3761,-0.03,0.21,0.00
3771,-0.03,0.16,0.00
3781,-0.03,0.12,0.00
3791,-0.03,0.14,0.00
3801,-0.03,0.14,0.00
3811,-0.03,0.14,0.00
3821,-0.03,0.09,0.00
3831,-0.03,0.12,0.00
3841,-0.03,0.11,0.00
3851,-0.03,0.11,0.00
3861,-0.03,0.15,0.00
3871,-0.03,0.14,0.00
3881,-0.03,0.13,0.00
3891,-0.03,0.16,0.00
3901,-0.04,0.15,0.00
3911,-0.03,0.10,0.00
3921,-0.04,0.15,0.00
3931,-0.04,0.16,0.00
3941,-0.04,0.11,0.00
3951,-0.03,0.10,0.00
3961,-0.03,0.09,0.00
3971,-0.03,0.14,0.00
3981,-0.03,0.12,0.00
3991,-0.03,0.12,0.00
4001,-0.03,0.08,0.00
4011,-0.03,0.09,0.00
4021,-0.03,0.14,0.00
4031,-0.03,0.11,0.00
4041,-0.03,0.17,0.00
4051,-0.03,0.12,0.00
4061,-0.03,0.13,0.00
4071,-0.03,0.09,0.00
4081,-0.03,0.15,0.00
4091,-0.03,0.12,0.00
4101,-0.03,0.12,0.00
4111,-0.03,0.11,0.00
4121,-0.03,0.11,0.00
4131,-0.03,0.10,0.00
4141,-0.03,0.15,0.00
4151,-0.03,0.10,0.00
4161,-0.03,0.12,0.00
4171,-0.03,0.13,0.00
4181,-0.03,0.12,0.00
4191,-0.03,0.16,0.00
4201,-0.03,0.08,0.00
4211,-0.02,0.09,0.00
4221,-0.02,0.13,0.00
4231,-0.02,0.13,0.00
4241,-0.02,0.09,0.00
4251,-0.02,0.08,0.00
4261,-0.02,0.17,0.00
4271,-0.02,0.16,0.00
4281,-0.03,0.18,0.00
4291,-0.03,0.17,0.00
4301,-0.03,0.12,0.00
4311,-0.03,0.08,0.00
4321,-0.02,0.09,0.00
4331,-0.02,0.12,0.00
4341,-0.02,0.08,0.00
4351,-0.02,0.09,0.00
4361,-0.02,0.15,0.00
4371,-0.02,0.12,0.00
4381,-0.02,0.17,0.00
4391,-0.02,0.16,0.00
4401,-0.02,0.15,0.00
4411,-0.02,0.12,0.00
4421,-0.02,0.11,0.00
4431,-0.02,0.10,0.00
4441,-0.02,0.16,0.00
4451,-0.02,0.16,0.00
4461,-0.02,0.13,0.00
4471,-0.03,0.18,0.00
4481,-0.03,0.16,0.00
4491,-0.03,0.22,0.00
4501,-0.03,0.17,0.00
4511,-0.03,0.14,0.00
4521,-0.03,0.08,0.00
4531,-0.03,0.11,0.00
4541,-0.03,0.14,0.00
4551,-0.03,0.16,0.00
4561,-0.03,0.17,0.00
4571,-0.03,0.15,0.00
4581,-0.04,0.19,0.00
4591,-0.03,0.12,0.00
4601,-0.04,0.14,0.00
4611,-0.04,0.16,0.00
4621,-0.03,0.11,0.00
4631,-0.03,0.11,0.00
4641,-0.04,0.18,0.00
4651,-0.04,0.23,0.00
4661,-0.04,0.17,0.00
4671,-0.04,0.14,0.00
4681,-0.04,0.12,0.00
4691,-0.04,0.20,0.00
4701,-0.04,0.10,0.00
4711,-0.04,0.10,0.00
4721,-0.04,0.15,0.00
4731,-0.04,0.18,0.00
4741,-0.04,0.18,0.00
4751,-0.04,0.19,0.00
4761,-0.04,0.13,0.00
4771,-0.04,0.15,0.00
4781,-0.04,0.15,0.00
4791,-0.05,0.21,0.00
4801,-0.05,0.16,0.00
4811,-0.05,0.20,0.00
4821,-0.05,0.18,0.00
4831,-0.05,0.22,0.00
4841,-0.06,0.21,0.00
4851,-0.06,0.21,0.00
4861,-0.06,0.17,0.00
4871,-0.06,0.20,0.00
4881,-0.06,0.13,0.00
4891,-0.06,0.19,0.00
4901,-0.06,0.19,0.00
4911,-0.06,0.18,0.00
4921,-0.06,0.14,0.00
4931,-0.06,0.13,0.00
4941,-0.06,0.11,0.00
4951,-0.06,0.15,0.00
4961,-0.05,0.13,0.00
4971,-0.05,0.15,0.00
4981,-0.05,0.10,0.00
4991,-0.05,0.17,0.00
5001,-0.05,0.17,0.00
5011,-0.05,0.19,0.00
5021,-0.05,0.17,0.00
5031,-0.05,0.13,0.00
5041,-0.05,0.14,0.00
5051,-0.05,0.18,0.00
5061,-0.05,0.16,0.00
5071,-0.05,0.14,0.00
5081,-0.05,0.13,0.00
5091,-0.05,0.15,0.00
5101,-0.05,0.13,0.00
5111,-0.05,0.17,0.00
5121,-0.05,0.18,0.00
5131,-0.05,0.17,0.00
5141,-0.05,0.17,0.00
5151,-0.05,0.19,0.00
5161,-0.05,0.22,0.00
5171,-0.05,0.21,0.00
5181,-0.05,0.18,0.00
5191,-0.05,0.17,0.00
5201,-0.06,0.21,0.00
5211,-0.06,0.17,0.00
5221,-0.06,0.21,0.00
5231,-0.06,0.20,0.00
5241,-0.06,0.17,0.00
5251,-0.06,0.18,0.00
5261,-0.06,0.19,0.00
5271,-0.06,0.20,0.00
5281,-0.06,0.14,0.00
5291,-0.06,0.18,0.00
5301,-0.06,0.19,0.00
5311,-0.06,0.17,0.00
5321,-0.06,0.18,0.00
5331,-0.06,0.19,0.00
5341,-0.06,0.16,0.00
5351,-0.06,0.21,0.00
5361,-0.06,0.21,0.00
5371,-0.06,0.21,0.00
5381,-0.06,0.18,0.00
5391,-0.06,0.13,0.00
5401,-0.06,0.20,0.00
5411,-0.06,0.16,0.00
5421,-0.06,0.21,0.00
5431,-0.06,0.20,0.00
5441,-0.06,0.17,0.00
5451,-0.06,0.21,0.00
5461,-0.06,0.15,0.00
5471,-0.06,0.11,0.00
5481,-0.06,0.17,0.00
5491,-0.06,0.15,0.00
5501,-0.06,0.20,0.00
5511,-0.05,0.15,0.00
5521,-0.06,0.23,0.00
5531,-0.06,0.22,0.00
5541,-0.06,0.15,0.00
5551,-0.06,0.24,0.00
5561,-0.06,0.20,0.00
5571,-0.06,0.16,0.00
5581,-0.06,0.16,0.00
5591,-0.06,0.23,0.00
5601,-0.06,0.20,0.00
5611,-0.06,0.17,0.00
5621,-0.06,0.12,0.00
5631,-0.06,0.17,0.00
5641,-0.05,0.15,0.00
5651,-0.05,0.21,0.00
5661,-0.06,0.23,0.00
5671,-0.06,0.18,0.00
5681,-0.06,0.20,0.00
5691,-0.06,0.18,0.00
5701,-0.06,0.23,0.00
5711,-0.06,0.20,0.00
5721,-0.06,0.20,0.00
5731,-0.06,0.22,0.00
5741,-0.06,0.17,0.00
5751,-0.06,0.20,0.00
5761,-0.06,0.20,0.00
5771,-0.06,0.20,0.00
5781,-0.06,0.19,0.00
5791,-0.06,0.27,0.00
5801,-0.06,0.20,0.00
5811,-0.06,0.18,0.00
5821,-0.06,0.22,0.00
5831,-0.06,0.19,0.00
5841,-0.06,0.16,0.00
5851,-0.06,0.21,0.00
5861,-0.06,0.23,0.00
5871,-0.06,0.19,0.00
5881,-0.06,0.20,0.00
5891,-0.06,0.17,0.00
5901,-0.06,0.13,0.00
5911,-0.05,0.14,0.00
5921,-0.05,0.17,0.00
5931,-0.05,0.15,0.00
5941,-0.05,0.16,0.00
5951,-0.05,0.20,0.00
5961,-0.05,0.21,0.00
5971,-0.05,0.20,0.00
5981,-0.05,0.23,0.00
5991,-0.05,0.18,0.00
6001,-0.05,0.21,0.00
6011,-0.05,0.17,0.00
6021,-0.05,0.22,0.00
6031,-0.05,0.18,0.00
6041,-0.05,0.15,0.00
6051,-0.05,0.20,0.00
6061,-0.05,0.22,0.00
6071,-0.05,0.22,0.00
6081,-0.05,0.17,0.00
6091,-0.05,0.17,0.00
6101,-0.05,0.20,0.00
6111,-0.05,0.20,0.00
6121,-0.05,0.18,0.00
6131,-0.05,0.21,0.00
6141,-0.04,0.16,0.00
6151,-0.04,0.22,0.00
6161,-0.05,0.23,0.00
6171,-0.05,0.24,0.00
6181,-0.05,0.22,0.00
6191,-0.05,0.20,0.00
6201,-0.05,0.25,0.00
6211,-0.05,0.23,0.00
6221,-0.05,0.18,0.00
6231,-0.05,0.20,0.00
6241,-0.05,0.24,0.00
6251,-0.05,0.19,0.00
6261,-0.05,0.24,0.00
6271,-0.05,0.25,0.00
6281,-0.05,0.21,0.00
6291,-0.05,0.18,0.00
6301,-0.05,0.22,0.00
6311,-0.05,0.20,0.00
6321,-0.05,0.15,0.00
6331,-0.05,0.25,0.00
6341,-0.06,0.29,0.00
6351,-0.06,0.25,0.00
6361,-0.06,0.23,0.00
6371,-0.06,0.20,0.00
6381,-0.06,0.20,0.00
6391,-0.06,0.23,0.00
6401,-0.06,0.26,0.00
6411,-0.06,0.19,0.00
6421,-0.06,0.17,0.00
6431,-0.05,0.17,0.00
6441,-0.05,0.21,0.00
6451,-0.06,0.29,0.00
6461,-0.06,0.25,0.00
6471,-0.06,0.18,0.00
6481,-0.06,0.22,0.00
6491,-0.06,0.23,0.00
6501,-0.06,0.25,0.00
6511,-0.06,0.20,0.00
6521,-0.06,0.23,0.00
6531,-0.06,0.19,0.00
6541,-0.06,0.23,0.00
6551,-0.06,0.20,0.00
6561,-0.05,0.17,0.00
6571,-0.05,0.18,0.00
6581,-0.05,0.20,0.00
6591,-0.05,0.22,0.00
6601,-0.05,0.21,0.00
6611,-0.05,0.21,0.00
6621,-0.05,0.19,0.00
6631,-0.05,0.20,0.00
6641,-0.04,0.18,0.00
6651,-0.04,0.22,0.00
6661,-0.04,0.19,0.00
6671,-0.04,0.19,0.00
6681,-0.04,0.17,0.00
6691,-0.04,0.24,0.00
6701,-0.04,0.24,0.00
6711,-0.05,0.28,0.00
6721,-0.05,0.28,0.00
6731,-0.05,0.20,0.00
6741,-0.05,0.22,0.00
6751,-0.05,0.20,0.00
6761,-0.05,0.25,0.00
6771,-0.05,0.24,0.00
6781,-0.05,0.19,0.00
6791,-0.05,0.26,0.00
6801,-0.05,0.21,0.00
6811,-0.05,0.26,0.00
6821,-0.05,0.20,0.00
6831,-0.05,0.24,0.00
6841,-0.05,0.19,0.00
6851,-0.05,0.22,0.00
6861,-0.04,0.15,0.00
6871,-0.04,0.20,0.00
6881,-0.04,0.16,0.00
6891,-0.04,0.21,0.00
6901,-0.04,0.27,0.00
6911,-0.04,0.19,0.00
6921,-0.04,0.16,0.00
6931,-0.03,0.17,0.00
6941,-0.03,0.23,0.00
6951,-0.03,0.24,0.00
6961,-0.03,0.15,0.00
6971,-0.03,0.17,0.00
6981,-0.03,0.24,0.00
6991,-0.03,0.22,0.00
7001,-0.03,0.19,0.00
7011,-0.03,0.24,0.00
7021,-0.03,0.22,0.00
7031,-0.03,0.20,0.00
7041,-0.03,0.24,0.00
7051,-0.03,0.22,0.00
7061,-0.03,0.25,0.00
7071,-0.03,0.19,0.00
7081,-0.03,0.24,0.00
7091,-0.03,0.27,0.00
7101,-0.04,0.25,0.00
7111,-0.04,0.23,0.00
7121,-0.03,0.19,0.00
7131,-0.03,0.20,0.00
7141,-0.03,0.22,0.00
7151,-0.03,0.25,0.00
7161,-0.03,0.23,0.00
7171,-0.03,0.18,0.00
7181,-0.03,0.23,0.00
7191,-0.03,0.26,0.00
7201,-0.04,0.26,0.00
7211,-0.04,0.25,0.00
7221,-0.04,0.27,0.00
7231,-0.04,0.27,0.00
7241,-0.04,0.26,0.00
7251,-0.04,0.26,0.00
7261,-0.05,0.28,0.00
7271,-0.05,0.28,0.00
7281,-0.05,0.28,0.00
7291,-0.05,0.24,0.00
7301,-0.05,0.23,0.00
7311,-0.05,0.27,0.00
7321,-0.05,0.22,0.00
7331,-0.05,0.23,0.00
7341,-0.05,0.25,0.00
7351,-0.05,0.28,0.00
7361,-0.06,0.31,0.00
7371,-0.05,0.22,0.00
7381,-0.06,0.27,0.00
7391,-0.06,0.23,0.00
7401,-0.05,0.22,0.00
7411,-0.05,0.23,0.00
7421,-0.05,0.17,0.00
7431,-0.05,0.27,0.00
7441,-0.05,0.21,0.00
7451,-0.05,0.22,0.00
7461,-0.05,0.23,0.00
7471,-0.05,0.26,0.00
7481,-0.05,0.20,0.00
7491,-0.05,0.22,0.00
7501,-0.04,0.23,0.00
7511,-0.04,0.23,0.00
7521,-0.04,0.26,0.00
7531,-0.05,0.29,0.00
7541,-0.05,0.22,0.00
7551,-0.05,0.29,0.00
7561,-0.05,0.22,0.00
7571,-0.05,0.22,0.00
7581,-0.05,0.26,0.00
7591,-0.05,0.26,0.00
7601,-0.05,0.26,0.00
7611,-0.05,0.26,0.00
7621,-0.05,0.18,0.00
7631,-0.04,0.23,0.00
7641,-0.04,0.18,0.00
7651,-0.04,0.21,0.00
7661,-0.04,0.20,0.00
7671,-0.04,0.24,0.00
7681,-0.04,0.24,0.00
7691,-0.04,0.28,0.00
7701,-0.04,0.27,0.00
7711,-0.04,0.25,0.00
7721,-0.04,0.25,0.00
7731,-0.04,0.18,0.00
7741,-0.04,0.27,0.00
7751,-0.04,0.29,0.00
7761,-0.04,0.25,0.00
7771,-0.04,0.25,0.00
7781,-0.04,0.26,0.00
7791,-0.04,0.27,0.00
7801,-0.04,0.27,0.00
7811,-0.04,0.20,0.00
7821,-0.04,0.19,0.00
7831,-0.04,0.24,0.00
7841,-0.04,0.23,0.00
7851,-0.04,0.25,0.00
7861,-0.04,0.31,0.00
7871,-0.04,0.31,0.00
7881,-0.05,0.30,0.00
7891,-0.05,0.29,0.00
7901,-0.05,0.24,0.00
7911,-0.04,0.22,0.00
7921,-0.04,0.23,0.00
7931,-0.04,0.24,0.00
7941,-0.04,0.24,0.00
7951,-0.04,0.24,0.00
7961,-0.04,0.30,0.00
7971,-0.05,0.28,0.00
7981,-0.04,0.21,0.00
7991,-0.04,0.27,0.00
8001,-0.04,0.28,0.00
8011,-0.04,0.22,0.00
8021,-0.04,0.26,0.00
8031,-0.04,0.27,0.00
8041,-0.04,0.26,0.00
8051,-0.05,0.28,0.00
8061,-0.05,0.28,0.00
8071,-0.05,0.24,0.00
8081,-0.04,0.20,0.00
8091,-0.04,0.24,0.00
8101,-0.04,0.24,0.00
8111,-0.04,0.23,0.00
8121,-0.04,0.26,0.00
8131,-0.04,0.30,0.00
8141,-0.04,0.26,0.00
8151,-0.04,0.20,0.00
8161,-0.03,0.15,0.00
8171,-0.03,0.18,0.00
8181,-0.03,0.20,0.00
8191,-0.02,0.18,0.00
8201,-0.02,0.25,0.00
8211,-0.02,0.22,0.00
8221,-0.02,0.25,0.00
8231,-0.02,0.23,0.00
8241,-0.02,0.24,0.00
8251,-0.02,0.21,0.00
8261,-0.02,0.25,0.00
8271,-0.02,0.26,0.00
8281,-0.02,0.27,0.00
8291,-0.02,0.28,0.00
8301,-0.03,0.29,0.00
8311,-0.03,0.27,0.00
8321,-0.03,0.31,0.00
8331,-0.03,0.29,0.00
8341,-0.03,0.26,0.00
8351,-0.03,0.23,0.00
8361,-0.03,0.28,0.00
8371,-0.03,0.30,0.00
8381,-0.03,0.27,0.00
8391,-0.03,0.20,0.00
8401,-0.03,0.24,0.00
8411,-0.03,0.23,0.00
8421,-0.03,0.26,0.00
8431,-0.03,0.24,0.00
8441,-0.03,0.26,0.00
8451,-0.03,0.24,0.00
8461,-0.03,0.28,0.00
8471,-0.03,0.26,0.00
8481,-0.03,0.22,0.00
8491,-0.03,0.27,0.00
8501,-0.03,0.29,0.00
8511,-0.03,0.32,0.00
8521,-0.03,0.24,0.00
8531,-0.03,0.21,0.00
8541,-0.03,0.23,0.00
8551,-0.03,0.31,0.00
8561,-0.03,0.27,0.00
8571,-0.03,0.27,0.00
8581,-0.03,0.26,0.00
8591,-0.03,0.28,0.00
8601,-0.03,0.23,0.00
8611,-0.03,0.24,0.00
8621,-0.03,0.26,0.00
8631,-0.03,0.28,0.00
8641,-0.03,0.23,0.00
8651,-0.03,0.29,0.00
8661,-0.03,0.29,0.00
8671,-0.04,0.34,0.00
8681,-0.04,0.28,0.00
8691,-0.04,0.28,0.00
8701,-0.04,0.28,0.00
8711,-0.04,0.31,0.00
8721,-0.04,0.29,0.00
8731,-0.04,0.26,0.00
8741,-0.04,0.30,0.00
8751,-0.04,0.25,0.00
8761,-0.04,0.29,0.00
8771,-0.04,0.28,0.00
8781,-0.04,0.26,0.00
8791,-0.04,0.28,0.00
8801,-0.04,0.29,0.00
8811,-0.04,0.26,0.00
8821,-0.04,0.26,0.00
8831,-0.04,0.29,0.00
8841,-0.04,0.28,0.00
8851,-0.04,0.26,0.00
8861,-0.04,0.26,0.00
8871,-0.04,0.27,0.00
8881,-0.04,0.26,0.00
8891,-0.04,0.29,0.00
8901,-0.04,0.32,0.00
8911,-0.04,0.25,0.00
8921,-0.04,0.29,0.00
8931,-0.04,0.25,0.00
8941,-0.04,0.24,0.00
8951,-0.04,0.22,0.00
8961,-0.03,0.20,0.00
8971,-0.03,0.27,0.00
8981,-0.03,0.26,0.00
8991,-0.04,0.33,0.00
9001,-0.04,0.30,0.00
9011,-0.04,0.34,0.00
9021,-0.04,0.28,0.00
9031,-0.04,0.29,0.00
9041,-0.04,0.28,0.00
9051,-0.04,0.31,0.00
9061,-0.04,0.30,0.00
9071,-0.04,0.29,0.00
9081,-0.05,0.31,0.00
9091,-0.05,0.30,0.00
9101,-0.04,0.25,0.00
9111,-0.04,0.28,0.00
9121,-0.04,0.27,0.00
9131,-0.04,0.26,0.00
9141,-0.05,0.32,0.00
9151,-0.05,0.33,0.00
9161,-0.05,0.31,0.00
9171,-0.05,0.27,0.00
9181,-0.05,0.25,0.00
9191,-0.05,0.30,0.00
9201,-0.05,0.28,0.00
9211,-0.05,0.28,0.00
9221,-0.04,0.26,0.00
9231,-0.05,0.33,0.00
9241,-0.05,0.27,0.00
9251,-0.05,0.31,0.00
9261,-0.05,0.30,0.00
9271,-0.05,0.32,0.00
9281,-0.05,0.30,0.00
9291,-0.05,0.33,0.00
9301,-0.05,0.28,0.00
9311,-0.05,0.26,0.00
9321,-0.05,0.25,0.00
9331,-0.05,0.26,0.00
9341,-0.05,0.29,0.00
9351,-0.05,0.29,0.00
9361,-0.04,0.25,0.00
9371,-0.05,0.32,0.00
9381,-0.05,0.30,0.00
9391,-0.05,0.28,0.00
9401,-0.04,0.28,0.00
9411,-0.04,0.24,0.00
9421,-0.04,0.24,0.00
9431,-0.04,0.28,0.00
9441,-0.04,0.32,0.00
9451,-0.04,0.32,0.00
9461,-0.04,0.34,0.00
9471,-0.04,0.28,0.00
9481,-0.04,0.20,0.00
9491,-0.04,0.30,0.00
9501,-0.04,0.26,0.00
9511,-0.04,0.32,0.00
9521,-0.04,0.25,0.00
9531,-0.04,0.31,0.00
9541,-0.04,0.31,0.00
9551,-0.04,0.31,0.00
9561,-0.04,0.28,0.00
9571,-0.04,0.27,0.00
9581,-0.04,0.29,0.00
9591,-0.04,0.30,0.00
9601,-0.04,0.29,0.00
9611,-0.04,0.25,0.00
9621,-0.04,0.27,0.00
9631,-0.04,0.30,0.00
9641,-0.04,0.32,0.00
9651,-0.04,0.28,0.00
9661,-0.03,0.23,0.00
9671,-0.03,0.26,0.00
9681,-0.03,0.30,0.00
9691,-0.03,0.30,0.00
9701,-0.03,0.30,0.00
9711,-0.03,0.29,0.00
9721,-0.03,0.26,0.00
9731,-0.03,0.34,0.00
9741,-0.03,0.28,0.00
9751,-0.03,0.27,0.00
9761,-0.03,0.28,0.00
9771,-0.03,0.26,0.00
9781,-0.03,0.26,0.00
9791,-0.03,0.24,0.00
9801,-0.02,0.25,0.00
9811,-0.02,0.29,0.00
9821,-0.02,0.21,0.00
9831,-0.02,0.28,0.00
9841,-0.02,0.28,0.00
9851,-0.02,0.34,0.00
9861,-0.03,0.38,0.00
9871,-0.03,0.28,0.00
9881,-0.03,0.29,0.00
9891,-0.03,0.35,0.00
9901,-0.03,0.29,0.00
9911,-0.03,0.25,0.00
9921,-0.03,0.32,0.00
9931,-0.03,0.29,0.00
9941,-0.03,0.29,0.00
9951,-0.03,0.32,0.00
9961,-0.03,0.32,0.00
9971,-0.03,0.26,0.00
9981,-0.03,0.26,0.00
9991,-0.03,0.31,0.00
10001,-0.03,0.32,0.00
10011,-0.03,26.53,45.00
10021,-0.03,26.81,45.00
10031,-0.03,27.11,45.00
10041,-0.03,27.42,45.00
10051,-0.03,27.70,45.00
10061,-0.03,28.00,45.00
10071,-0.03,28.30,45.00
10081,-0.03,28.62,45.00
10091,-0.03,28.91,45.00
10101,-0.03,29.21,45.00
10111,-0.03,29.54,45.00
10121,-0.03,29.76,45.00
10131,-0.03,30.06,45.00
10141,-0.03,30.44,45.00
10151,-0.03,30.72,45.00
10161,-0.03,31.02,45.00
10171,-0.03,31.28,45.00
10181,-0.03,31.60,45.00
10191,-0.03,31.90,45.00
10201,-0.03,32.18,45.00
10211,-0.03,32.47,45.00
10221,-0.03,32.82,45.00
10231,-0.03,33.15,45.00
10241,-0.03,33.37,45.00
10251,-0.03,33.73,45.00
10261,-0.03,34.04,45.00
10271,-0.03,34.34,45.00
10281,-0.03,34.60,45.00
10291,-0.03,34.90,45.00
10301,-0.03,35.20,45.00
10311,-0.04,35.53,45.00
10321,-0.04,35.81,45.00
10331,-0.03,36.05,45.00
10341,-0.03,36.36,45.00
10351,-0.03,36.68,45.00
10361,-0.03,36.97,45.00
10371,-0.03,37.32,45.00
10381,-0.03,37.60,45.00
10391,-0.03,37.90,45.00
10401,-0.03,38.18,45.00
10411,-0.03,38.49,45.00
10421,-0.03,38.79,45.00
10431,-0.03,39.10,45.00
10441,-0.03,39.34,45.00
10451,-0.03,39.66,45.00
10461,-0.03,39.99,45.00
10471,-0.03,40.25,45.00
10481,-0.03,40.53,45.00
10491,-0.03,40.93,45.00
10501,-0.03,41.21,45.00
10511,-0.03,41.45,45.00
10521,-0.03,41.80,45.00
10531,-0.03,42.08,45.00
10541,-0.03,42.39,45.00
10551,-0.03,42.65,45.00
10561,-0.03,42.97,45.00
10571,-0.03,43.26,45.00
10581,-0.03,43.57,45.00
10591,-0.03,43.90,45.00
10601,-0.03,44.15,45.00
10611,-0.03,44.44,45.00
10621,-0.03,44.77,45.00
10631,-0.03,45.09,45.00
10641,-0.03,45.39,45.00
10651,-0.03,45.64,45.00
10661,-0.03,45.93,45.00
10671,-0.02,46.24,45.00
10681,-0.02,46.57,45.00
10691,-0.03,46.88,45.00
10701,-0.02,47.15,45.00
10711,-0.03,47.50,45.00
10721,-0.02,47.73,45.00
10731,-0.02,48.03,45.00
10741,-0.02,48.37,45.00
10751,-0.02,48.64,45.00
10761,-0.03,49.01,45.00
10771,-0.02,49.23,45.00
10781,-0.02,49.58,45.00
10791,-0.02,49.84,45.00
10801,-0.02,50.15,45.00
10811,-0.02,50.47,45.00
10821,-0.03,50.77,45.00
10831,-0.03,51.09,45.00
10841,-0.03,51.38,45.00
10851,-0.03,51.68,45.00
10861,-0.03,51.96,45.00
10871,-0.03,52.26,45.00
10881,-0.03,52.56,45.00
10891,-0.03,52.81,45.00
10901,-0.03,53.11,45.00
10911,-0.02,53.39,45.00
10921,-0.03,53.81,45.00
10931,-0.03,54.04,45.00
10941,-0.03,54.35,45.00
10951,-0.03,54.68,45.00
10961,-0.03,54.94,45.00
10971,-0.03,55.29,45.00
10981,-0.03,55.61,45.00
10991,-0.03,55.85,45.00
11001,-0.03,56.15,45.00
11011,-0.03,56.43,45.00
11021,-0.03,56.71,45.00
11031,-0.03,57.04,45.00
11041,-0.03,57.30,45.00
11051,-0.03,57.62,45.00
11061,-0.02,57.89,45.00
11071,-0.03,58.25,45.00
11081,-0.03,58.57,45.00
11091,-0.03,58.89,45.00
11101,-0.03,59.13,45.00
11111,-0.03,59.43,45.00
11121,-0.03,59.69,45.00
11131,-0.02,59.98,45.00
11141,-0.02,60.32,45.00
11151,-0.02,60.64,45.00
11161,-0.02,60.87,45.00
11171,-0.02,61.24,45.00
11181,-0.02,61.53,45.00
11191,-0.02,61.85,45.00
11201,-0.02,62.15,45.00
11211,-0.03,62.49,45.00
11221,-0.03,62.78,45.00
11231,-0.03,63.04,45.00
11241,-0.03,63.37,45.00
11251,-0.03,63.66,45.00
11261,-0.03,63.87,45.00
11271,-0.03,64.16,45.00
11281,-0.02,64.48,45.00
11291,-0.02,64.77,45.00
11301,-0.02,65.11,45.00
11311,-0.02,65.45,45.00
11321,-0.02,65.76,45.00
11331,-0.03,66.07,45.00
11341,-0.03,66.35,45.00
11351,-0.03,66.62,45.00
11361,-0.03,66.92,45.00
11371,-0.03,67.21,45.00
11381,-0.03,67.54,45.00
11391,-0.03,67.88,45.00
11401,-0.04,68.19,45.00
11411,-0.04,68.45,45.00
11421,-0.04,68.77,45.00
11431,-0.04,69.03,45.00
11441,-0.04,69.35,45.00
11451,-0.04,69.60,45.00
11461,-0.04,69.90,45.00
11471,-0.04,70.22,45.00
11481,-0.04,70.57,45.00
11491,-0.04,70.79,45.00
11501,-0.04,71.11,45.00
11511,-0.04,71.46,45.00
11521,-0.04,71.72,45.00
11531,-0.04,72.01,45.00
11541,-0.04,72.30,45.00
11551,-0.04,72.61,45.00
11561,-0.04,72.92,45.00
11571,-0.04,73.23,45.00
11581,-0.05,73.59,45.00
11591,-0.05,73.79,45.00
11601,-0.05,74.11,45.00
11611,-0.05,74.42,45.00
11621,-0.05,74.71,45.00
11631,-0.04,75.00,45.00
11641,-0.04,75.28,45.00
11651,-0.04,75.61,45.00
11661,-0.04,75.93,45.00
11671,-0.04,76.20,45.00
11681,-0.04,76.49,45.00
11691,-0.04,76.81,45.00
11701,-0.04,77.06,45.00
11711,-0.04,77.39,45.00
11721,-0.04,77.74,45.00
11731,-0.04,78.04,45.00
11741,-0.04,78.33,45.00
11751,-0.05,78.66,45.00
11761,-0.05,78.89,45.00
11771,-0.05,79.17,45.00
11781,-0.04,79.43,45.00
11791,-0.04,79.79,45.00
11801,-0.04,80.09,45.00
11811,-0.04,80.42,45.00
11821,-0.04,80.68,45.00
11831,-0.04,80.98,45.00
11841,-0.04,81.26,45.00
11851,-0.04,81.62,45.00
11861,-0.04,81.91,45.00
11871,-0.04,82.18,45.00
11881,-0.04,82.53,45.00
11891,-0.04,82.82,45.00
11901,-0.04,83.08,45.00
11911,-0.04,83.37,45.00
11921,-0.04,83.70,45.00
11931,-0.04,83.98,45.00
11941,-0.04,84.32,45.00
11951,-0.04,84.60,45.00
11961,-0.04,84.86,45.00
11971,-0.04,85.24,45.00
11981,-0.04,85.53,45.00
11991,-0.04,85.77,45.00
12001,-0.04,86.06,45.00
12011,-0.04,86.34,45.00
12021,-0.04,86.68,45.00
12031,-0.04,87.03,45.00
12041,-0.04,87.33,45.00
12051,-0.04,87.60,45.00
12061,-0.05,87.90,45.00
12071,-0.04,88.15,45.00
12081,-0.04,88.49,45.00
12091,-0.05,88.80,45.00
12101,-0.04,89.07,45.00
12111,-0.04,89.38,45.00
12121,-0.04,89.67,45.00
12131,-0.04,89.99,45.00
12141,-0.04,90.28,45.00
12151,-0.04,90.56,45.00
12161,-0.04,90.90,45.00
12171,-0.04,91.15,45.00
12181,-0.04,91.45,45.00
12191,-0.04,91.76,45.00
12201,-0.04,92.02,45.00
12211,-0.04,92.39,45.00
12221,-0.04,92.72,45.00
12231,-0.04,92.98,45.00
12241,-0.04,93.26,45.00
12251,-0.04,93.59,45.00
12261,-0.04,93.86,45.00
12271,-0.04,94.18,45.00
12281,-0.04,94.47,45.00
12291,-0.04,94.74,45.00
12301,-0.04,95.09,45.00
12311,-0.04,95.34,45.00
12321,-0.04,95.69,45.00
12331,-0.04,95.98,45.00
12341,-0.04,96.24,45.00
12351,-0.04,96.54,45.00
12361,-0.04,96.85,45.00
12371,-0.04,97.15,45.00
12381,-0.04,97.45,45.00
12391,-0.04,97.80,45.00
12401,-0.04,98.04,45.00
12411,-0.04,98.36,45.00
12421,-0.04,98.67,45.00
12431,-0.04,98.98,45.00
12441,-0.04,99.24,45.00
12451,-0.04,99.52,45.00
12461,-0.03,99.82,45.00
12471,-0.04,100.00,45.00
12481,-0.04,100.00,45.00
12491,-0.03,100.00,45.00
12501,-0.03,100.00,45.00
12511,-0.03,100.00,45.00
12521,-0.03,100.00,45.00
12531,-0.03,100.00,45.00
12541,-0.03,100.00,45.00
12551,-0.04,100.00,45.00
12561,-0.04,100.00,45.00
12571,-0.04,100.00,45.00
12581,-0.04,100.00,45.00
12591,-0.04,100.00,45.00
12601,-0.04,100.00,45.00
12611,-0.04,100.00,45.00
12621,-0.04,100.00,45.00
12631,-0.04,100.00,45.00
12641,-0.04,100.00,45.00
12651,-0.04,100.00,45.00
12661,-0.04,100.00,45.00
12671,-0.05,100.00,45.00
12681,-0.04,100.00,45.00
12691,-0.04,100.00,45.00
12701,-0.04,100.00,45.00
12711,-0.04,100.00,45.00
12721,-0.04,100.00,45.00
12731,-0.04,100.00,45.00
12741,-0.04,100.00,45.00
12751,-0.04,100.00,45.00
12761,-0.04,100.00,45.00
12771,-0.04,100.00,45.00
12781,-0.03,100.00,45.00
12791,-0.03,100.00,45.00
12801,-0.03,100.00,45.00
12811,-0.03,100.00,45.00
12821,-0.03,100.00,45.00
12831,-0.04,100.00,45.00
12841,-0.04,100.00,45.00
12851,-0.03,100.00,45.00
12861,-0.03,100.00,45.00
12871,-0.03,100.00,45.00
12881,-0.03,100.00,45.00
12891,-0.03,100.00,45.00
12901,-0.03,100.00,45.00
12911,-0.03,100.00,45.00
12921,-0.03,100.00,45.00
12931,-0.03,100.00,45.00
12941,-0.02,100.00,45.00
12951,-0.02,100.00,45.00
12961,-0.03,100.00,45.00
12971,-0.03,100.00,45.00
12981,-0.03,100.00,45.00
12991,-0.03,100.00,45.00
13001,-0.03,100.00,45.00
13011,-0.03,100.00,45.00
13021,-0.03,100.00,45.00
13031,-0.03,100.00,45.00
13041,-0.03,100.00,45.00
13051,-0.03,100.00,45.00
13061,-0.03,100.00,45.00
13071,-0.03,100.00,45.00
13081,-0.03,100.00,45.00
13091,-0.03,100.00,45.00
13101,-0.03,100.00,45.00
13111,-0.03,100.00,45.00
13121,-0.03,100.00,45.00
13131,-0.03,100.00,45.00
13141,-0.03,100.00,45.00
13151,-0.03,100.00,45.00
13161,-0.03,100.00,45.00
13171,-0.04,100.00,45.00
13181,-0.03,100.00,45.00
13191,-0.03,100.00,45.00
13201,-0.03,100.00,45.00
13211,-0.03,100.00,45.00
13221,-0.03,100.00,45.00
13231,-0.03,100.00,45.00
13241,-0.03,100.00,45.00
13251,-0.03,100.00,45.00
13261,-0.03,100.00,45.00
13271,-0.03,100.00,45.00
13281,-0.03,100.00,45.00
13291,-0.02,100.00,45.00
13301,-0.02,100.00,45.00
13311,-0.02,100.00,45.00
13321,-0.02,100.00,45.00
13331,-0.02,100.00,45.00
13341,-0.02,100.00,45.00
13351,-0.03,100.00,45.00
13361,-0.03,100.00,45.00
13371,-0.03,100.00,45.00
13381,-0.03,100.00,45.00
13391,-0.03,100.00,45.00
13401,-0.03,100.00,45.00
13411,-0.03,100.00,45.00
13421,-0.03,100.00,45.00
13431,-0.03,100.00,45.00
13441,-0.03,100.00,45.00
13451,-0.02,100.00,45.00
13461,-0.02,100.00,45.00
13471,-0.02,100.00,45.00
13481,-0.02,100.00,45.00
13491,-0.02,100.00,45.00
13501,-0.03,100.00,45.00
13511,-0.03,100.00,45.00
13521,-0.03,100.00,45.00
13531,-0.02,100.00,45.00
13541,-0.03,100.00,45.00
13551,-0.03,100.00,45.00
13561,-0.02,100.00,45.00
13571,-0.03,100.00,45.00
13581,-0.03,100.00,45.00
13591,-0.02,100.00,45.00
13601,-0.02,100.00,45.00
13611,-0.02,100.00,45.00
13621,-0.02,100.00,45.00
13631,-0.02,100.00,45.00
13641,-0.02,100.00,45.00
13651,-0.02,100.00,45.00
13661,-0.02,100.00,45.00
13671,-0.02,100.00,45.00
13681,-0.02,100.00,45.00
13691,-0.03,100.00,45.00
13701,-0.03,100.00,45.00
13711,-0.03,100.00,45.00
13721,-0.03,100.00,45.00
13731,-0.03,100.00,45.00
13741,-0.03,100.00,45.00
13751,-0.03,100.00,45.00
13761,-0.03,100.00,45.00
13771,-0.03,100.00,45.00
13781,-0.03,100.00,45.00
13791,-0.03,100.00,45.00
13801,-0.03,100.00,45.00
13811,-0.03,100.00,45.00
13821,-0.03,100.00,45.00
13831,-0.03,100.00,45.00
13841,-0.03,100.00,45.00
13851,-0.03,100.00,45.00
13861,-0.03,100.00,45.00
13871,-0.03,100.00,45.00
13881,-0.03,100.00,45.00
13891,-0.03,100.00,45.00
13901,-0.03,100.00,45.00
13911,-0.03,100.00,45.00
13921,-0.03,100.00,45.00
13931,-0.03,100.00,45.00
13941,-0.02,100.00,45.00
13951,-0.02,100.00,45.00
13961,-0.02,100.00,45.00
13971,-0.02,100.00,45.00
13981,-0.02,100.00,45.00
13991,-0.02,100.00,45.00
14001,-0.02,100.00,45.00
14011,-0.02,100.00,45.00
14021,-0.02,100.00,45.00
14031,-0.02,100.00,45.00
14041,-0.02,100.00,45.00
14051,-0.01,100.00,45.00
14061,-0.01,100.00,45.00
14071,-0.01,100.00,45.00
14081,-0.01,100.00,45.00
14091,-0.01,100.00,45.00
14101,-0.01,100.00,45.00
14111,-0.02,100.00,45.00
14121,-0.02,100.00,45.00
14131,-0.02,100.00,45.00
14141,-0.02,100.00,45.00
14151,-0.01,100.00,45.00
14161,-0.01,100.00,45.00
14171,-0.01,100.00,45.00
14181,-0.01,100.00,45.00
14191,-0.01,100.00,45.00
14201,-0.01,100.00,45.00
14211,-0.01,100.00,45.00
14221,-0.02,100.00,45.00
14231,-0.02,100.00,45.00
14241,-0.02,100.00,45.00
14251,-0.02,100.00,45.00
14261,-0.01,100.00,45.00
14271,-0.02,100.00,45.00
14281,-0.02,100.00,45.00
14291,-0.02,100.00,45.00
14301,-0.02,100.00,45.00
14311,-0.03,100.00,45.00
14321,-0.03,100.00,45.00
14331,-0.03,100.00,45.00
14341,-0.03,100.00,45.00
14351,-0.03,100.00,45.00
14361,-0.03,100.00,45.00
14371,-0.02,100.00,45.00
14381,-0.02,100.00,45.00
14391,-0.02,100.00,45.00
14401,-0.02,100.00,45.00
14411,-0.03,100.00,45.00
14421,-0.03,100.00,45.00
14431,-0.03,100.00,45.00
14441,-0.03,100.00,45.00
14451,-0.03,100.00,45.00
14461,-0.03,100.00,45.00
14471,-0.03,100.00,45.00
14481,-0.03,100.00,45.00
14491,-0.03,100.00,45.00
14501,-0.03,100.00,45.00
14511,-0.03,100.00,45.00
14521,-0.03,100.00,45.00
14531,-0.03,100.00,45.00
14541,-0.03,100.00,45.00
14551,-0.03,100.00,45.00
14561,-0.03,100.00,45.00
14571,-0.02,100.00,45.00
14581,-0.02,100.00,45.00
14591,-0.03,100.00,45.00
14601,-0.03,100.00,45.00
14611,-0.03,100.00,45.00
14621,-0.03,100.00,45.00
14631,-0.03,100.00,45.00
14641,-0.04,100.00,45.00
14651,-0.03,100.00,45.00
14661,-0.03,100.00,45.00
14671,-0.03,100.00,45.00
14681,-0.03,100.00,45.00
14691,-0.03,100.00,45.00
14701,-0.03,100.00,45.00
14711,-0.03,100.00,45.00
14721,-0.03,100.00,45.00
14731,-0.03,100.00,45.00
14741,-0.04,100.00,45.00
14751,-0.03,100.00,45.00
14761,-0.03,100.00,45.00
14771,-0.03,100.00,45.00
14781,-0.03,100.00,45.00
14791,-0.03,100.00,45.00
14801,-0.03,100.00,45.00
14811,-0.03,100.00,45.00
14821,-0.03,100.00,45.00
14831,-0.03,100.00,45.00
14841,-0.03,100.00,45.00
14851,-0.03,100.00,45.00
14861,-0.02,100.00,45.00
14871,-0.02,100.00,45.00
14881,-0.02,100.00,45.00
14891,-0.02,100.00,45.00
14901,-0.03,100.00,45.00
14911,-0.03,100.00,45.00
14921,-0.03,100.00,45.00
14931,-0.03,100.00,45.00
14941,-0.03,100.00,45.00
14951,-0.03,100.00,45.00
14961,-0.03,100.00,45.00
14971,-0.03,100.00,45.00
14981,-0.03,100.00,45.00
14991,-0.03,100.00,45.00
15001,-0.03,100.00,45.00
15011,-0.03,100.00,45.00
15021,-0.03,100.00,45.00
15031,-0.03,100.00,45.00
15041,-0.03,100.00,45.00
15051,-0.03,100.00,45.00
15061,-0.03,100.00,45.00
15071,-0.02,100.00,45.00
15081,-0.02,100.00,45.00
15091,-0.02,100.00,45.00
15101,-0.02,100.00,45.00
15111,-0.03,100.00,45.00
15121,-0.03,100.00,45.00
15131,-0.03,100.00,45.00
15141,-0.03,100.00,45.00
15151,-0.03,100.00,45.00
15161,-0.02,100.00,45.00
15171,-0.02,100.00,45.00
15181,-0.02,100.00,45.00
15191,-0.02,100.00,45.00
15201,-0.02,100.00,45.00
15211,-0.02,100.00,45.00
15221,-0.02,100.00,45.00
15231,-0.02,100.00,45.00
15241,-0.03,100.00,45.00
15251,-0.02,100.00,45.00
15261,-0.03,100.00,45.00
15271,-0.02,100.00,45.00
15281,-0.02,100.00,45.00
15291,-0.02,100.00,45.00
15301,-0.02,100.00,45.00
15311,-0.02,100.00,45.00
15321,-0.02,100.00,45.00
15331,-0.02,100.00,45.00
15341,-0.02,100.00,45.00
15351,-0.02,100.00,45.00
15361,-0.02,100.00,45.00
15371,-0.02,100.00,45.00
15381,-0.03,100.00,45.00
15391,-0.02,100.00,45.00
15401,-0.03,100.00,45.00
15411,-0.03,100.00,45.00
15421,-0.03,100.00,45.00
15431,-0.04,100.00,45.00
15441,-0.04,100.00,45.00
15451,-0.04,100.00,45.00
15461,-0.04,100.00,45.00
15471,-0.04,100.00,45.00
15481,-0.03,100.00,45.00
15491,-0.04,100.00,45.00
15501,-0.03,100.00,45.00
15511,-0.04,100.00,45.00
15521,-0.04,100.00,45.00
15531,-0.04,100.00,45.00
15541,-0.04,100.00,45.00
15551,-0.04,100.00,45.00
15561,-0.04,100.00,45.00
15571,-0.04,100.00,45.00
15581,-0.04,100.00,45.00
15591,-0.03,100.00,45.00
15601,-0.04,100.00,45.00
15611,-0.04,100.00,45.00
15621,-0.04,100.00,45.00
15631,-0.04,100.00,45.00
15641,-0.04,100.00,45.00
15651,-0.04,100.00,45.00
15661,-0.04,100.00,45.00
15671,-0.04,100.00,45.00
15681,-0.04,100.00,45.00
15691,-0.03,100.00,45.00
15701,-0.04,100.00,45.00
15711,-0.04,100.00,45.00
15721,-0.04,100.00,45.00
15731,-0.04,100.00,45.00
15741,-0.04,100.00,45.00
15751,-0.04,100.00,45.00
15761,-0.04,100.00,45.00
15771,-0.04,100.00,45.00
15781,-0.04,100.00,45.00
15791,-0.04,100.00,45.00
15801,-0.04,100.00,45.00
15811,-0.04,100.00,45.00
15821,-0.04,100.00,45.00
15831,-0.05,100.00,45.00
15841,-0.05,100.00,45.00
15851,-0.05,100.00,45.00
15861,-0.05,100.00,45.00
15871,-0.05,100.00,45.00
15881,-0.05,100.00,45.00
15891,-0.05,100.00,45.00
15901,-0.05,100.00,45.00
15911,-0.05,100.00,45.00
15921,-0.05,100.00,45.00
15931,-0.05,100.00,45.00
15941,-0.05,100.00,45.00
15951,-0.05,100.00,45.00
15961,-0.05,100.00,45.00
15971,-0.05,100.00,45.00
15981,-0.04,100.00,45.00
15991,-0.04,100.00,45.00
16001,-0.05,100.00,45.00
16011,-0.05,100.00,45.00
16021,-0.05,100.00,45.00
16031,-0.05,100.00,45.00
16041,-0.05,100.00,45.00
16051,-0.05,100.00,45.00
16061,-0.04,100.00,45.00
16071,-0.05,100.00,45.00
16081,-0.04,100.00,45.00
16091,-0.05,100.00,45.00
16101,-0.05,100.00,45.00
16111,-0.04,100.00,45.00
16121,-0.04,100.00,45.00
16131,-0.05,100.00,45.00
16141,-0.05,100.00,45.00
16151,-0.05,100.00,45.00
16161,-0.05,100.00,45.00
16171,-0.05,100.00,45.00
16181,-0.05,100.00,45.00
16191,-0.05,100.00,45.00
16201,-0.04,100.00,45.00
16211,-0.05,100.00,45.00
16221,-0.05,100.00,45.00
16231,-0.05,100.00,45.00
16241,-0.06,100.00,45.00
16251,-0.06,100.00,45.00
16261,-0.05,100.00,45.00
16271,-0.05,100.00,45.00
16281,-0.05,100.00,45.00
16291,-0.05,100.00,45.00
16301,-0.05,100.00,45.00
16311,-0.05,100.00,45.00
16321,-0.05,100.00,45.00
16331,-0.06,100.00,45.00
16341,-0.06,100.00,45.00
16351,-0.06,100.00,45.00
16361,-0.05,100.00,45.00
16371,-0.05,100.00,45.00
16381,-0.05,100.00,45.00
16391,-0.05,100.00,45.00
16401,-0.05,100.00,45.00
16411,-0.05,100.00,45.00
16421,-0.06,100.00,45.00
16431,-0.06,100.00,45.00
16441,-0.06,100.00,45.00
16451,-0.05,100.00,45.00
16461,-0.03,100.00,45.00
16471,-0.03,100.00,45.00
16481,-0.02,100.00,45.00
16491,-0.03,100.00,45.00
16501,-0.02,99.83,45.00
16511,-0.04,100.00,45.00
16521,-0.03,99.89,45.00
16531,-0.05,100.00,45.00
16541,-0.04,99.92,45.00
16551,-0.05,100.00,45.00
16561,-0.04,100.00,45.00
16571,-0.04,100.00,45.00
16581,-0.03,100.00,45.00
16591,-0.03,100.00,45.00
16601,-0.03,100.00,45.00
16611,-0.03,100.00,45.00
16621,-0.03,100.00,45.00
16631,-0.04,100.00,45.00
16641,-0.04,100.00,45.00
16651,-0.04,100.00,45.00
16661,-0.04,100.00,45.00
16671,-0.04,100.00,45.00
16681,-0.03,100.00,45.00
16691,-0.03,100.00,45.00
16701,-0.03,100.00,45.00
16711,-0.03,100.00,45.00
16721,-0.03,100.00,45.00
16731,-0.03,100.00,45.00
16741,-0.03,100.00,45.00
16751,-0.03,100.00,45.00
16761,-0.03,100.00,45.00
16771,-0.02,100.00,45.00
16781,-0.02,100.00,45.00
16791,-0.02,100.00,45.00
16801,-0.01,100.00,45.00
16811,-0.01,100.00,45.00
16821,-0.02,100.00,45.00
16831,-0.02,100.00,45.00
16841,-0.02,100.00,45.00
16851,-0.02,100.00,45.00
16861,-0.02,100.00,45.00
16871,-0.02,100.00,45.00
16881,-0.01,100.00,45.00
16891,-0.01,100.00,45.00
16901,-0.01,100.00,45.00
16911,-0.02,100.00,45.00
16921,-0.02,100.00,45.00
16931,-0.02,100.00,45.00
16941,-0.02,100.00,45.00
16951,-0.02,100.00,45.00
16961,-0.02,100.00,45.00
16971,-0.02,100.00,45.00
16981,-0.02,100.00,45.00
16991,-0.02,100.00,45.00
17001,0.01,99.80,45.00
17011,0.02,100.00,45.00
17021,0.02,100.00,45.00
17031,0.03,100.00,45.00
17041,0.03,100.00,45.00
17051,0.04,100.00,45.00
17061,0.03,100.00,45.00
17071,0.03,100.00,45.00
17081,0.04,100.00,45.00
17091,0.04,100.00,45.00
17101,0.05,100.00,45.00
17111,0.04,100.00,45.00
17121,0.04,100.00,45.00
17131,0.03,100.00,45.00
17141,0.02,100.00,45.00
17151,0.02,100.00,45.00
17161,0.02,100.00,45.00
17171,0.02,100.00,45.00
17181,0.02,100.00,45.00
17191,0.02,100.00,45.00
17201,0.02,100.00,45.00
17211,0.02,100.00,45.00
17221,0.02,100.00,45.00
17231,0.01,100.00,45.00
17241,0.01,100.00,45.00
17251,0.21,96.13,45.00
17261,0.07,100.00,45.00
17271,0.16,95.77,45.00
17281,0.02,100.00,45.00
17291,0.00,98.03,45.00
17301,-0.08,99.58,45.00
17311,-0.05,97.59,45.00
17321,-0.09,99.30,45.00
17331,-0.02,97.46,45.00
17341,-0.03,99.35,45.00
17351,-0.01,98.93,45.00
17361,-0.01,99.76,45.00
17371,0.00,99.68,45.00
17381,-0.01,100.00,45.00
17391,-0.01,100.00,45.00
17401,-0.03,100.00,45.00
17411,-0.06,100.00,45.00
17421,-0.06,99.82,45.00
17431,-0.08,100.00,45.00
17441,-0.08,99.71,45.00
17451,-0.09,100.00,45.00
17461,-0.07,99.52,45.00
17471,-0.08,100.00,45.00
17481,-0.06,99.89,45.00
17491,-0.07,100.00,45.00
17501,-0.07,100.00,45.00
17511,-0.07,100.00,45.00
17521,-0.08,100.00,45.00
17531,-0.09,100.00,45.00
17541,-0.09,100.00,45.00
17551,-0.09,100.00,45.00
17561,-0.09,100.00,45.00
17571,-0.08,100.00,45.00
17581,-0.07,100.00,45.00
17591,-0.06,100.00,45.00
17601,-0.06,100.00,45.00
17611,-0.06,100.00,45.00
17621,-0.07,100.00,45.00
17631,-0.08,100.00,45.00
17641,-0.09,100.00,45.00
17651,-0.09,100.00,45.00
17661,-0.09,100.00,45.00
17671,-0.08,100.00,45.00
17681,-0.08,100.00,45.00
17691,-0.07,100.00,45.00
17701,-0.07,100.00,45.00
17711,-0.07,100.00,45.00
17721,-0.07,100.00,45.00
17731,-0.08,100.00,45.00
17741,-0.09,100.00,45.00
17751,-0.09,100.00,45.00
17761,-0.08,100.00,45.00
17771,-0.08,100.00,45.00
17781,-0.06,100.00,45.00
17791,-0.05,100.00,45.00
17801,-0.05,100.00,45.00
17811,-0.05,100.00,45.00
17821,-0.06,100.00,45.00
17831,-0.06,100.00,45.00
17841,-0.07,100.00,45.00
17851,-0.07,100.00,45.00
17861,-0.07,100.00,45.00
17871,-0.07,100.00,45.00
17881,-0.06,100.00,45.00
17891,-0.06,100.00,45.00
17901,-0.06,100.00,45.00
17911,-0.06,100.00,45.00
17921,-0.06,100.00,45.00
17931,-0.07,100.00,45.00
17941,-0.07,100.00,45.00
17951,-0.08,100.00,45.00
17961,-0.08,100.00,45.00
17971,-0.08,100.00,45.00
17981,-0.07,100.00,45.00
17991,-0.06,100.00,45.00
18001,-0.05,100.00,45.00
18011,-0.05,100.00,45.00
18021,-0.05,100.00,45.00
18031,-0.06,100.00,45.00
18041,-0.07,100.00,45.00
18051,-0.08,100.00,45.00
18061,-0.08,100.00,45.00
18071,-0.08,100.00,45.00
18081,-0.07,100.00,45.00
18091,-0.06,100.00,45.00
18101,-0.06,100.00,45.00
18111,-0.06,100.00,45.00
18121,-0.06,100.00,45.00
18131,-0.06,100.00,45.00
18141,-0.07,100.00,45.00
18151,-0.08,100.00,45.00
18161,-0.08,100.00,45.00
18171,-0.08,100.00,45.00
18181,-0.08,100.00,45.00
18191,-0.07,100.00,45.00
18201,-0.07,100.00,45.00
18211,-0.07,100.00,45.00
18221,-0.07,100.00,45.00
18231,-0.07,100.00,45.00
18241,-0.08,100.00,45.00
18251,-0.08,100.00,45.00
18261,-0.09,100.00,45.00
18271,-0.09,100.00,45.00
18281,-0.08,100.00,45.00
18291,-0.08,100.00,45.00
18301,-0.07,100.00,45.00
18311,-0.07,100.00,45.00
18321,-0.07,100.00,45.00
18331,-0.07,100.00,45.00
18341,-0.07,100.00,45.00
18351,-0.07,100.00,45.00
18361,-0.05,99.79,45.00
18371,-0.01,99.83,45.00
18381,0.06,99.54,45.00
18391,0.14,99.49,45.00
18401,0.24,99.28,45.00
18411,0.37,98.93,45.00
18421,0.52,98.79,45.00
18431,0.69,98.49,45.00
18441,0.90,98.05,45.00
18451,1.14,97.40,45.00
18461,1.42,96.88,45.00
18471,1.72,96.51,45.00
18481,2.03,96.31,45.00
18491,2.38,95.90,45.00
18501,2.74,95.40,45.00
18511,3.16,94.62,45.00
18521,3.61,93.82,45.00
18531,4.10,92.95,45.00
18541,4.63,92.22,45.00
18551,5.20,91.40,45.00
18561,5.80,90.53,45.00
18571,6.44,89.67,45.00
18581,7.12,88.82,45.00
18591,7.83,88.14,45.00
18601,8.55,87.72,45.00
18611,9.27,87.44,45.00
18621,9.98,87.37,45.00
18631,10.69,87.36,45.00
18641,11.38,87.52,45.00
18651,12.07,87.46,45.00
18661,12.74,87.52,45.00
18671,13.41,87.56,45.00
18681,14.06,87.66,45.00
18691,14.69,87.79,45.00
18701,15.31,87.88,45.00
18711,15.92,87.99,45.00
18721,16.52,88.15,45.00
18731,17.09,88.43,45.00
18741,17.64,88.76,45.00
18751,18.17,89.01,45.00
18761,18.68,89.24,45.00
18771,19.18,89.43,45.00
18781,19.66,89.63,45.00
18791,20.13,89.74,45.00
18801,20.58,90.05,45.00
18811,21.01,90.41,45.00
18821,21.42,90.83,45.00
18831,21.79,91.31,45.00
18841,22.15,91.69,45.00
18851,22.49,92.00,45.00
18861,22.80,92.38,45.00
18871,23.10,92.79,45.00
18881,23.37,93.15,45.00
18891,23.63,93.58,45.00
18901,23.86,93.95,45.00
18911,24.08,94.39,45.00
18921,24.27,94.88,45.00
18931,24.44,95.40,45.00
18941,24.58,96.00,45.00
18951,24.69,96.60,45.00
18961,24.78,97.14,45.00
18971,24.86,97.63,45.00
18981,24.91,98.14,45.00
18991,24.94,98.65,45.00
19001,24.95,99.20,45.00
19011,24.94,99.73,45.00
19021,24.90,100.00,45.00
19031,24.84,100.00,45.00
19041,24.76,100.00,45.00
19051,24.66,100.00,45.00
19061,24.53,100.00,45.00
19071,24.39,100.00,45.00
19081,24.23,100.00,45.00
19091,24.04,100.00,45.00
19101,23.85,100.00,45.00
19111,23.63,100.00,45.00
19121,23.39,100.00,45.00
19131,23.14,100.00,45.00
19141,22.86,100.00,45.00
19151,22.56,100.00,45.00
19161,22.24,100.00,45.00
19171,21.91,100.00,45.00
19181,21.56,100.00,45.00
19191,21.20,100.00,45.00
19201,20.82,100.00,45.00
19211,20.43,100.00,45.00
19221,20.03,100.00,45.00
19231,19.60,100.00,45.00
19241,19.16,100.00,45.00
19251,18.70,100.00,45.00
19261,18.22,100.00,45.00
19271,17.74,100.00,45.00
19281,17.24,100.00,45.00
19291,16.74,100.00,45.00
19301,16.22,100.00,45.00
19311,15.70,100.00,45.00
19321,15.18,100.00,45.00
19331,14.66,100.00,45.00
19341,14.12,100.00,45.00
19351,13.59,100.00,45.00
19361,13.05,100.00,45.00
19371,12.51,100.00,45.00
19381,11.99,100.00,45.00
19391,11.47,100.00,45.00
19401,10.95,100.00,45.00
19411,10.42,100.00,45.00
19421,9.89,100.00,45.00
19431,9.34,100.00,45.00
19441,8.79,100.00,45.00
19451,8.24,100.00,45.00
19461,7.67,100.00,45.00
19471,7.11,100.00,45.00
19481,6.53,100.00,45.00
19491,5.95,100.00,45.00
19501,5.37,100.00,45.00
19511,4.79,100.00,45.00
19521,4.21,100.00,45.00
19531,3.63,100.00,45.00
19541,3.05,100.00,45.00
19551,2.46,100.00,45.00
19561,1.87,100.00,45.00
19571,1.27,100.00,45.00
19581,0.67,100.00,45.00
19591,0.08,100.00,45.00
19601,-0.50,100.00,45.00
19611,-1.09,100.00,45.00
19621,-1.66,100.00,45.00
19631,-2.26,100.00,45.00
19641,-2.85,100.00,45.00
19651,-3.43,100.00,45.00
19661,-4.01,100.00,45.00
19671,-4.59,100.00,45.00
19681,-5.16,100.00,45.00
19691,-5.73,100.00,45.00
19701,-6.28,100.00,45.00
19711,-6.83,100.00,45.00
19721,-7.37,100.00,45.00
19731,-7.89,100.00,45.00
19741,-8.42,100.00,45.00
19751,-8.94,100.00,45.00
19761,-9.46,100.00,45.00
19771,-9.96,100.00,45.00
19781,-10.46,100.00,45.00
19791,-10.94,100.00,45.00
19801,-11.40,100.00,45.00
19811,-11.86,100.00,45.00
19821,-12.30,100.00,45.00
19831,-12.74,100.00,45.00
19841,-13.17,100.00,45.00
19851,-13.58,100.00,45.00
19861,-13.98,100.00,45.00
19871,-14.38,100.00,45.00
19881,-14.75,100.00,45.00
19891,-15.12,100.00,45.00
19901,-15.47,100.00,45.00
19911,-15.80,100.00,45.00
19921,-16.12,100.00,45.00
19931,-16.42,100.00,45.00
19941,-16.71,100.00,45.00
19951,-16.98,100.00,45.00
19961,-17.25,100.00,45.00
19971,-17.50,100.00,45.00
19981,-17.74,100.00,45.00
19991,-17.95,100.00,45.00
20001,-18.15,100.00,45.00
20011,-18.33,100.00,45.00
20021,-18.50,100.00,45.03
20031,-18.65,100.00,45.06
20041,-18.79,100.00,45.09
20051,-18.92,100.00,45.13
20061,-19.02,100.00,45.16
20071,-19.12,100.00,45.19
20081,-19.19,100.00,45.22
20091,-19.26,100.00,45.26
20101,-19.30,100.00,45.29
20111,-19.33,100.00,45.32
20121,-19.34,100.00,45.35
20131,-19.34,100.00,45.39
20141,-19.31,100.00,45.42
20151,-19.27,100.00,45.45
20161,-19.23,100.00,45.49
20171,-19.17,100.00,45.52
20181,-19.10,100.00,45.56
20191,-19.01,100.00,45.59
20201,-18.90,100.00,45.62
20211,-18.78,100.00,45.66
20221,-18.64,100.00,45.69
20231,-18.49,100.00,45.73
20241,-18.33,100.00,45.76
20251,-18.16,100.00,45.80
20261,-17.98,100.00,45.83
20271,-17.79,100.00,45.87
20281,-17.58,100.00,45.90
20291,-17.36,100.00,45.94
20301,-17.13,100.00,45.97
20311,-16.89,100.00,46.01
20321,-16.63,100.00,46.05
20331,-16.36,99.95,46.08
20341,-16.08,100.00,46.12
20351,-15.79,100.00,46.16
20361,-15.49,100.00,46.19
20371,-15.18,100.00,46.23
20381,-14.87,100.00,46.27
20391,-14.55,100.00,46.30
20401,-14.21,100.00,46.34
20411,-13.87,100.00,46.38
20421,-13.51,100.00,46.42
20431,-13.15,100.00,46.45
20441,-12.78,100.00,46.49
20451,-12.41,100.00,46.53
20461,-12.02,99.99,46.57
20471,-11.63,100.00,46.61
20481,-11.24,100.00,46.64
20491,-10.84,100.00,46.68
20501,-10.43,100.00,46.72
20511,-10.02,100.00,46.76
20521,-9.60,99.97,46.80
20531,-9.17,99.97,46.84
20541,-8.74,100.00,46.88
20551,-8.30,100.00,46.92
20561,-7.86,100.00,46.96
20571,-7.41,100.00,47.00
20581,-6.97,100.00,47.04
20591,-6.53,100.00,47.08
20601,-6.08,100.00,47.12
20611,-5.63,100.00,47.16
20621,-5.17,100.00,47.20
20631,-4.71,100.00,47.24
20641,-4.25,100.00,47.28
20651,-3.79,100.00,47.32
20661,-3.33,100.00,47.36
20671,-2.87,100.00,47.40
20681,-2.42,100.00,47.44
20691,-1.96,100.00,47.48
20701,-1.51,100.00,47.53
20711,-1.05,100.00,47.57
20721,-0.60,100.00,47.61
20731,-0.15,100.00,47.65
20741,0.30,100.00,47.69
20751,0.74,100.00,47.74
20761,1.19,100.00,47.78
20771,1.62,100.00,47.82
20781,2.05,100.00,47.86
20791,2.48,100.00,47.91
20801,2.90,100.00,47.95
20811,3.31,100.00,47.99
20821,3.73,100.00,48.04
20831,4.14,100.00,48.08
20841,4.54,100.00,48.12
20851,4.94,100.00,48.17
20861,5.33,100.00,48.21
20871,5.72,100.00,48.26
20881,6.10,100.00,48.30
20891,6.46,100.00,48.35
20901,6.83,100.00,48.39
20911,7.18,100.00,48.43
20921,7.53,100.00,48.48
20931,7.86,100.00,48.52
20941,8.19,100.00,48.57
20951,8.51,100.00,48.62
20961,8.82,100.00,48.66
20971,9.12,100.00,48.71
20981,9.40,100.00,48.75
20991,9.67,100.00,48.80
21001,9.93,100.00,48.84
21011,10.19,100.00,48.89
21021,10.43,100.00,48.94
21031,10.67,100.00,48.98
21041,10.89,100.00,49.03
21051,11.10,100.00,49.08
21061,11.30,100.00,49.12
21071,11.48,100.00,49.17
21081,11.65,100.00,49.22
21091,11.81,100.00,49.26
21101,11.95,100.00,49.31
21111,12.09,100.00,49.36
21121,12.21,100.00,49.41
21131,12.32,100.00,49.45
21141,12.42,100.00,49.50
21151,12.50,100.00,49.55
21161,12.58,100.00,49.60
21171,12.63,100.00,49.65
21181,12.67,100.00,49.70
21191,12.70,100.00,49.74
21201,12.72,100.00,49.79
21211,12.72,100.00,49.84
21221,12.72,100.00,49.89
21231,12.69,100.00,49.94
21241,12.67,100.00,49.99
21251,12.62,100.00,50.04
21261,12.57,100.00,50.09
21271,12.51,100.00,50.14
21281,12.43,100.00,50.19
21291,12.34,100.00,50.24
21301,12.24,100.00,50.29
21311,12.13,100.00,50.34
21321,12.01,100.00,50.39
21331,11.87,100.00,50.44
21341,11.74,100.00,50.49
21351,11.59,100.00,50.54
21361,11.43,100.00,50.59
21371,11.26,100.00,50.64
21381,11.08,100.00,50.69
21391,10.89,100.00,50.75
21401,10.68,100.00,50.80
21411,10.47,100.00,50.85
21421,10.26,100.00,50.90
21431,10.03,100.00,50.95
21441,9.81,100.00,51.00
21451,9.57,100.00,51.06
21461,9.32,100.00,51.11
21471,9.07,100.00,51.16
21481,8.80,100.00,51.21
21491,8.53,100.00,51.27
21501,8.26,100.00,51.32
21511,7.97,100.00,51.37
21521,7.68,100.00,51.42
21531,7.39,100.00,51.48
21541,7.09,100.00,51.53
21551,6.78,100.00,51.58
21561,6.47,100.00,51.64
21571,6.16,100.00,51.69
21581,5.84,100.00,51.75
21591,5.51,100.00,51.80
21601,5.18,100.00,51.85
21611,4.84,100.00,51.91
21621,4.50,100.00,51.96
21631,4.15,100.00,52.02
21641,3.81,100.00,52.07
21651,3.46,100.00,52.13
21661,3.12,100.00,52.18
21671,2.77,100.00,52.24
21681,2.41,100.00,52.29
21691,2.05,100.00,52.35
21701,1.69,100.00,52.40
21711,1.33,100.00,52.46
21721,0.96,100.00,52.51
21731,0.60,100.00,52.57
21741,0.24,100.00,52.62
21751,-0.12,100.00,52.68
21761,-0.48,100.00,52.73
21771,-0.83,100.00,52.79
21781,-1.19,100.00,52.85
21791,-1.55,100.00,52.90
21801,-1.91,100.00,52.96
21811,-2.27,100.00,53.02
21821,-2.63,100.00,53.07
21831,-2.98,100.00,53.13
21841,-3.33,100.00,53.19
21851,-3.67,100.00,53.24
21861,-4.01,100.00,53.30
21871,-4.35,100.00,53.36
21881,-4.68,100.00,53.42
21891,-5.01,100.00,53.47
21901,-5.33,100.00,53.53
21911,-5.65,100.00,53.59
21921,-5.97,100.00,53.65
21931,-6.28,100.00,53.70
21941,-6.59,100.00,53.76
21951,-6.89,100.00,53.82
21961,-7.18,100.00,53.88
21971,-7.46,100.00,53.94
21981,-7.74,100.00,53.99
21991,-8.02,100.00,54.05
22001,-8.28,100.00,54.11
22011,-8.55,100.00,54.17
22021,-8.80,100.00,54.23
22031,-9.05,100.00,54.29
22041,-9.29,100.00,54.35
22051,-9.52,100.00,54.41
22061,-9.75,100.00,54.47
22071,-9.96,100.00,54.53
22081,-10.17,100.00,54.59
22091,-10.36,100.00,54.64
22101,-10.56,100.00,54.70
22111,-10.75,100.00,54.76
22121,-10.92,100.00,54.82
22131,-11.09,100.00,54.88
22141,-11.24,100.00,54.94
22151,-11.39,100.00,55.00
22161,-11.52,100.00,55.06
22171,-11.65,100.00,55.13
22181,-11.77,100.00,55.19
22191,-11.88,100.00,55.25
22201,-11.98,100.00,55.31
22211,-12.07,100.00,55.37
22221,-12.16,100.00,55.43
22231,-12.23,100.00,55.49
22241,-12.29,100.00,55.55
22251,-12.34,100.00,55.61
22261,-12.38,100.00,55.67
22271,-12.40,100.00,55.73
22281,-12.42,100.00,55.80
22291,-12.43,100.00,55.86
22301,-12.43,100.00,55.92
22311,-12.42,100.00,55.98
22321,-12.40,100.00,56.04
22331,-12.38,100.00,56.10
22341,-12.34,100.00,56.17
22351,-12.29,100.00,56.23
22361,-12.23,100.00,56.29
22371,-12.17,100.00,56.35
22381,-12.09,100.00,56.41
22391,-12.01,100.00,56.48
22401,-11.92,100.00,56.54
22411,-11.83,100.00,56.60
22421,-11.73,100.00,56.66
22431,-11.62,100.00,56.73
22441,-11.50,100.00,56.79
22451,-11.37,100.00,56.85
22461,-11.24,100.00,56.92
22471,-11.10,100.00,56.98
22481,-10.94,100.00,57.04
22491,-10.78,100.00,57.11
22501,-10.62,100.00,57.17
22511,-10.45,100.00,57.23
22521,-10.28,100.00,57.30
22531,-10.10,100.00,57.36
22541,-9.92,100.00,57.42
22551,-9.72,100.00,57.49
22561,-9.53,100.00,57.55
22571,-9.32,100.00,57.61
22581,-9.11,100.00,57.68
22591,-8.89,100.00,57.74
22601,-8.67,100.00,57.80
22611,-8.45,100.00,57.87
22621,-8.21,100.00,57.93
22631,-7.98,100.00,58.00
22641,-7.75,100.00,58.06
22651,-7.50,100.00,58.13
22661,-7.25,100.00,58.19
22671,-7.00,100.00,58.25
22681,-6.74,100.00,58.32
22691,-6.49,100.00,58.38
22701,-6.23,100.00,58.45
22711,-5.97,100.00,58.51
22721,-5.70,100.00,58.58
22731,-5.44,100.00,58.64
22741,-5.17,100.00,58.71
22751,-4.90,100.00,58.77
22761,-4.63,100.00,58.84
22771,-4.36,100.00,58.90
22781,-4.08,100.00,58.97
22791,-3.80,100.00,59.03
22801,-3.53,100.00,59.10
22811,-3.25,100.00,59.16
22821,-2.97,100.00,59.23
22831,-2.70,100.00,59.29
22841,-2.42,100.00,59.36
22851,-2.15,100.00,59.42
22861,-1.88,100.00,59.49
22871,-1.62,100.00,59.55
22881,-1.36,100.00,59.62
22891,-1.11,100.00,59.68
22901,-0.88,100.00,59.75
22911,-0.66,100.00,59.82
22921,-0.47,100.00,59.88
22931,-0.30,100.00,59.95
22941,-0.15,100.00,60.01
22951,-0.02,100.00,60.08
22961,0.07,100.00,60.14
22971,0.18,100.00,60.21
22981,0.25,100.00,60.28
22991,0.35,99.71,60.34
23001,0.44,100.00,60.41
23011,0.52,100.00,60.47
23021,0.62,100.00,60.54
23031,0.72,100.00,60.61
23041,0.82,100.00,60.67
23051,0.92,100.00,60.74
23061,1.02,100.00,60.80
23071,1.12,100.00,60.87
23081,1.21,100.00,60.94
23091,1.30,100.00,61.00
23101,1.37,100.00,61.07
23111,1.44,100.00,61.13
23121,1.49,100.00,61.20
23131,1.53,100.00,61.27
23141,1.55,100.00,61.33
23151,1.57,100.00,61.40
23161,1.57,100.00,61.47
23171,1.56,100.00,61.53
23181,1.55,100.00,61.60
23191,1.53,100.00,61.66
23201,1.51,100.00,61.73
23211,1.48,100.00,61.80
23221,1.44,100.00,61.86
23231,1.40,100.00,61.93
23241,1.36,100.00,62.00
23251,1.31,100.00,62.06
23261,1.26,100.00,62.13
23271,1.20,100.00,62.19
23281,1.15,100.00,62.26
23291,1.08,100.00,62.33
23301,1.02,100.00,62.39
23311,0.95,100.00,62.46
23321,0.90,100.00,62.53
23331,0.84,100.00,62.59
23341,0.79,100.00,62.66
23351,0.74,100.00,62.72
23361,0.70,100.00,62.79
23371,0.66,100.00,62.86
23381,0.64,100.00,62.92
23391,0.61,100.00,62.99
23401,0.60,100.00,63.06
23411,0.58,100.00,63.12
23421,0.57,100.00,63.19
23431,0.57,100.00,63.25
23441,0.57,100.00,63.32
23451,0.57,100.00,63.39
23461,0.57,100.00,63.45
23471,0.57,100.00,63.52
23481,0.57,100.00,63.58
23491,0.58,100.00,63.65
23501,0.59,100.00,63.72
23511,0.61,100.00,63.78
23521,0.62,100.00,63.85
23531,0.64,100.00,63.91
23541,0.66,100.00,63.98
23551,0.68,100.00,64.05
23561,0.70,100.00,64.11
23571,0.72,100.00,64.18
23581,0.74,100.00,64.24
23591,0.75,100.00,64.31
23601,0.77,100.00,64.37
23611,0.79,100.00,64.44
23621,0.81,100.00,64.51
23631,0.83,100.00,64.57
23641,0.85,100.00,64.64
23651,0.87,100.00,64.70
23661,0.90,100.00,64.77
23671,0.92,100.00,64.83
23681,0.94,100.00,64.90
23691,0.95,100.00,64.96
23701,0.95,100.00,65.03
23711,0.95,100.00,65.09
23721,0.94,100.00,65.16
23731,0.94,100.00,65.22
23741,0.92,100.00,65.29
23751,0.91,100.00,65.35
23761,0.89,100.00,65.42
23771,0.88,100.00,65.48
23781,0.86,100.00,65.55
23791,0.84,100.00,65.61
23801,0.81,100.00,65.68
23811,0.78,100.00,65.74
23821,0.76,100.00,65.81
23831,0.72,100.00,65.87
23841,0.69,100.00,65.93
23851,0.65,100.00,66.00
23861,0.62,100.00,66.06
23871,0.59,100.00,66.13
23881,0.56,100.00,66.19
23891,0.52,100.00,66.25
23901,0.49,100.00,66.32
23911,0.45,100.00,66.38
23921,0.42,100.00,66.44
23931,0.38,100.00,66.51
23941,0.35,100.00,66.57
23951,0.32,100.00,66.63
23961,0.30,100.00,66.70
23971,0.27,100.00,66.76
23981,0.23,100.00,66.82
23991,0.19,100.00,66.89
24001,0.16,100.00,66.95
24011,0.13,100.00,67.01
24021,0.11,100.00,67.07
24031,0.08,100.00,67.14
24041,0.06,100.00,67.20
24051,0.05,100.00,67.26
24061,0.03,100.00,67.32
24071,0.02,100.00,67.39
24081,0.02,100.00,67.45
24091,0.02,100.00,67.51
24101,0.03,100.00,67.57
24111,0.03,100.00,67.63
24121,0.04,100.00,67.69
24131,0.06,100.00,67.76
24141,0.09,100.00,67.82
24151,0.11,100.00,67.88
24161,0.15,100.00,67.94
24171,0.19,100.00,68.00
24181,0.23,100.00,68.06
24191,0.26,100.00,68.12
24201,0.30,100.00,68.18
24211,0.33,100.00,68.24
24221,0.37,100.00,68.30
24231,0.41,100.00,68.36
24241,0.45,100.00,68.42
24251,0.49,100.00,68.48
24261,0.53,100.00,68.54
24271,0.56,100.00,68.60
24281,0.60,100.00,68.66
24291,0.64,100.00,68.72
24301,0.67,100.00,68.78
24311,0.71,100.00,68.84
24321,0.74,100.00,68.89
24331,0.77,100.00,68.95
24341,0.80,100.00,69.01
24351,0.82,100.00,69.07
24361,0.83,100.00,69.13
24371,0.85,100.00,69.19
24381,0.85,100.00,69.24
24391,0.85,100.00,69.30
24401,0.85,100.00,69.36
24411,0.84,100.00,69.41
24421,0.83,100.00,69.47
24431,0.82,100.00,69.53
24441,0.81,100.00,69.59
24451,0.79,100.00,69.64
24461,0.77,100.00,69.70
24471,0.76,100.00,69.75
24481,0.74,100.00,69.81
24491,0.73,100.00,69.87
24501,0.71,100.00,69.92
24511,0.70,100.00,69.98
24521,0.69,100.00,70.03
24531,0.68,100.00,70.09
24541,0.68,100.00,70.14
24551,0.69,100.00,70.20
24561,0.70,100.00,70.25
24571,0.71,100.00,70.30
24581,0.73,100.00,70.36
24591,0.74,100.00,70.41
24601,0.75,100.00,70.47
24611,0.76,100.00,70.52
24621,0.77,100.00,70.57
24631,0.78,100.00,70.63
24641,0.80,100.00,70.68
24651,0.80,100.00,70.73
24661,0.23,100.00,70.78
24671,-0.27,99.47,70.83
24681,-0.55,95.78,70.89
24691,-0.93,98.31,70.94
24701,-1.14,95.61,70.99
24711,-1.21,93.44,71.04
24721,-1.23,92.92,71.09
24731,-1.22,92.85,71.14
24741,-1.21,93.36,71.19
24751,-1.20,93.77,71.24
24761,-1.18,94.18,71.29
24771,-1.16,94.59,71.34
24781,-1.12,94.86,71.39
24791,-1.09,95.26,71.44
24801,-1.03,95.46,71.49
24811,-0.97,95.68,71.54
24821,-0.90,96.03,71.59
24831,-0.83,96.44,71.64
24841,-0.75,96.88,71.68
24851,-0.68,97.31,71.73
24861,-0.60,97.76,71.78
24871,-0.52,98.21,71.83
24881,-0.44,98.69,71.87
24891,-0.37,99.30,71.92
24901,-0.30,99.65,71.97
24911,-0.23,100.00,72.01
24921,-0.17,100.00,72.06
24931,-0.12,100.00,72.10
24941,-0.07,100.00,72.15
24951,-0.02,100.00,72.19
24961,0.03,100.00,72.24
24971,0.07,100.00,72.28
24981,0.11,100.00,72.33
24991,0.15,100.00,72.37
25001,0.17,100.00,72.42
25011,0.19,100.00,72.46
25021,0.21,100.00,72.50
25031,0.22,100.00,72.55
25041,0.23,100.00,72.59
25051,0.24,100.00,72.63
25061,0.24,100.00,72.67
25071,0.23,100.00,72.71
25081,0.21,100.00,72.75
25091,0.20,100.00,72.80
25101,0.19,100.00,72.84
25111,0.19,100.00,72.88
25121,0.17,100.00,72.92
25131,0.17,100.00,72.96
25141,0.17,100.00,73.00
25151,0.18,100.00,73.04
25161,0.17,100.00,73.07
25171,0.16,100.00,73.11
25181,0.14,100.00,73.15
25191,0.13,100.00,73.19
25201,0.11,100.00,73.23
25211,0.09,100.00,73.26
25221,0.06,100.00,73.30
25231,0.04,100.00,73.34
25241,0.01,100.00,73.37
25251,-0.02,100.00,73.41
25261,-0.05,100.00,73.44
25271,-0.09,100.00,73.48
25281,-0.12,100.00,73.51
25291,-0.16,100.00,73.55
25301,-0.20,100.00,73.58
25311,-0.25,100.00,73.62
25321,-0.30,100.00,73.65
25331,-0.35,100.00,73.68
25341,-0.40,100.00,73.72
25351,-0.46,100.00,73.75
25361,-0.51,100.00,73.78
25371,-0.56,100.00,73.81
25381,-0.62,100.00,73.84
25391,-0.68,100.00,73.87
25401,-0.74,100.00,73.90
25411,-0.81,100.00,73.93
25421,-0.87,100.00,73.96
25431,-0.94,100.00,73.99
25441,-1.00,100.00,74.02
25451,-1.07,100.00,74.05
25461,-1.14,100.00,74.08
25471,-1.21,100.00,74.11
25481,-1.28,100.00,74.13
25491,-1.35,100.00,74.16
25501,-1.43,100.00,74.19
25511,-1.50,100.00,74.21
25521,-1.58,100.00,74.24
25531,-1.65,100.00,74.27
25541,-1.73,100.00,74.29
25551,-1.80,100.00,74.32
25561,-1.88,100.00,74.34
25571,-1.95,100.00,74.36
25581,-2.03,100.00,74.39
25591,-2.11,100.00,74.41
25601,-2.19,100.00,74.43
25611,-2.27,100.00,74.46
25621,-2.35,100.00,74.48
25631,-2.42,100.00,74.50
25641,-2.50,100.00,74.52
25651,-2.58,100.00,74.54
25661,-2.66,100.00,74.56
25671,-2.74,100.00,74.58
25681,-2.81,100.00,74.60
25691,-2.89,100.00,74.62
25701,-2.97,100.00,74.64
25711,-3.04,100.00,74.66
25721,-3.12,100.00,74.67
25731,-3.20,100.00,74.69
25741,-3.27,100.00,74.71
25751,-3.34,100.00,74.72
25761,-3.41,100.00,74.74
25771,-3.48,100.00,74.75
25781,-3.56,100.00,74.77
25791,-3.62,100.00,74.78
25801,-3.69,100.00,74.80
25811,-3.76,100.00,74.81
25821,-3.82,100.00,74.82
25831,-3.89,100.00,74.84
25841,-3.95,100.00,74.85
25851,-4.01,100.00,74.86
25861,-4.07,100.00,74.87
25871,-4.13,100.00,74.88
25881,-4.19,100.00,74.89
25891,-4.24,100.00,74.90
25901,-4.30,100.00,74.91
25911,-4.35,100.00,74.92
25921,-4.40,100.00,74.93
25931,-4.45,100.00,74.94
25941,-4.50,100.00,74.95
25951,-4.55,100.00,74.95
25961,-4.60,100.00,74.96
25971,-4.64,100.00,74.97
25981,-4.68,100.00,74.97
25991,-4.72,100.00,74.98
26001,-4.76,100.00,74.98
26011,-4.80,100.00,74.99
26021,-4.83,100.00,74.99
26031,-4.87,100.00,74.99
26041,-4.90,100.00,74.99
26051,-4.92,100.00,75.00
26061,-4.95,100.00,75.00
26071,-4.97,100.00,75.00
26081,-4.99,100.00,75.00
26091,-5.01,100.00,75.00
26101,-5.03,100.00,75.00
26111,-5.05,100.00,75.00
26121,-5.06,100.00,75.00
26131,-5.08,100.00,75.00
26141,-5.09,100.00,74.99
26151,-5.09,100.00,74.99
26161,-5.09,100.00,74.99
26171,-5.09,100.00,74.98
26181,-5.09,100.00,74.98
26191,-5.09,100.00,74.97
26201,-5.09,100.00,74.97
26211,-5.09,100.00,74.96
26221,-5.09,100.00,74.95
26231,-5.08,100.00,74.95
26241,-5.07,100.00,74.94
26251,-5.06,100.00,74.93
26261,-5.04,100.00,74.92
26271,-5.03,100.00,74.91
26281,-5.01,100.00,74.90
26291,-4.99,100.00,74.89
26301,-4.97,100.00,74.88
26311,-4.95,100.00,74.87
26321,-4.94,100.00,74.86
26331,-4.92,100.00,74.84
26341,-4.90,100.00,74.83
26351,-4.87,100.00,74.82
26361,-4.85,100.00,74.80
26371,-4.83,100.00,74.79
26381,-4.80,100.00,74.77
26391,-4.77,100.00,74.76
26401,-4.75,100.00,74.74
26411,-4.72,100.00,74.72
26421,-4.70,100.00,74.71
26431,-4.67,100.00,74.69
26441,-4.65,100.00,74.67
26451,-4.62,100.00,74.65
26461,-4.59,100.00,74.63
26471,-4.56,100.00,74.61
26481,-4.53,100.00,74.59
26491,-4.50,100.00,74.57
26501,-4.47,100.00,74.54
26511,-4.44,100.00,74.52
26521,-4.42,100.00,74.50
26531,-4.39,100.00,74.47
26541,-4.36,100.00,74.45
26551,-4.33,100.00,74.42
26561,-4.31,100.00,74.40
26571,-4.28,100.00,74.37
26581,-4.25,100.00,74.34
26591,-4.22,100.00,74.32
26601,-4.19,100.00,74.29
26611,-4.17,100.00,74.26
26621,-4.14,100.00,74.23
26631,-4.12,100.00,74.20
26641,-4.09,100.00,74.17
26651,-4.06,100.00,74.14
26661,-4.03,100.00,74.11
26671,-4.00,100.00,74.07
26681,-3.98,100.00,74.04
26691,-3.95,100.00,74.01
26701,-3.92,100.00,73.97
26711,-3.90,100.00,73.94
26721,-3.87,100.00,73.90
26731,-3.85,100.00,73.87
26741,-3.83,100.00,73.83
26751,-3.81,100.00,73.79
26761,-3.79,100.00,73.75
26771,-3.77,100.00,73.72
26781,-3.74,100.00,73.68
26791,-3.72,100.00,73.64
26801,-3.70,100.00,73.60
26811,-3.68,100.00,73.56
26821,-3.67,100.00,73.51
26831,-3.66,100.00,73.47
26841,-3.64,100.00,73.43
26851,-3.62,100.00,73.39
26861,-3.61,100.00,73.34
26871,-3.59,100.00,73.30
26881,-3.58,100.00,73.25
26891,-3.56,100.00,73.21
26901,-3.55,100.00,73.16
26911,-3.54,100.00,73.11
26921,-3.53,100.00,73.06
26931,-3.52,100.00,73.02
26941,-3.51,100.00,72.97
26951,-3.51,100.00,72.92
26961,-3.50,100.00,72.87
26971,-3.50,100.00,72.82
26981,-3.49,100.00,72.76
26991,-3.49,100.00,72.71
27001,-3.48,100.00,72.66
27011,-3.48,100.00,72.60
27021,-3.47,100.00,72.55
27031,-3.47,100.00,72.50
27041,-3.47,100.00,72.44
27051,-3.48,100.00,72.38
27061,-3.48,100.00,72.33
27071,-3.48,100.00,72.27
27081,-3.48,100.00,72.21
27091,-3.48,100.00,72.15
27101,-3.48,100.00,72.09
27111,-3.49,100.00,72.03
27121,-3.49,100.00,71.97
27131,-3.50,100.00,71.91
27141,-3.50,100.00,71.85
27151,-3.51,100.00,71.79
27161,-3.51,100.00,71.72
27171,-3.52,100.00,71.66
27181,-3.52,100.00,71.60
27191,-3.53,100.00,71.53
27201,-3.53,100.00,71.46
27211,-3.53,100.00,71.40
27221,-3.54,100.00,71.33
27231,-3.55,100.00,71.26
27241,-3.55,100.00,71.19
27251,-3.56,100.00,71.12
27261,-3.56,100.00,71.05
27271,-3.57,100.00,70.98
27281,-3.57,100.00,70.91
27291,-3.57,100.00,70.84
27301,-3.57,100.00,70.77
27311,-3.58,100.00,70.70
27321,-3.58,100.00,70.62
27331,-3.58,100.00,70.55
27341,-3.59,100.00,70.47
27351,-3.60,100.00,70.40
27361,-3.60,100.00,70.32
27371,-3.61,100.00,70.24
27381,-3.61,100.00,70.17
27391,-3.61,100.00,70.09
27401,-3.61,100.00,70.01
27411,-3.61,100.00,69.93
27421,-3.61,100.00,69.85
27431,-3.61,100.00,69.77
27441,-3.61,100.00,69.69
27451,-3.61,100.00,69.60
27461,-3.61,100.00,69.52
27471,-3.62,100.00,69.44
27481,-3.62,100.00,69.35
27491,-3.62,100.00,69.27
27501,-3.63,100.00,69.18
27511,-3.62,100.00,69.10
27521,-3.62,100.00,69.01
27531,-3.62,100.00,68.92
27541,-3.62,100.00,68.83
27551,-3.62,100.00,68.74
27561,-3.62,100.00,68.66
27571,-3.62,100.00,68.57
27581,-3.62,100.00,68.47
27591,-3.62,100.00,68.38
27601,-3.61,100.00,68.29
27611,-3.61,100.00,68.20
27621,-3.61,100.00,68.10
27631,-3.61,100.00,68.01
27641,-3.61,100.00,67.92
27651,-3.60,100.00,67.82
27661,-3.61,100.00,67.72
27671,-3.61,100.00,67.63
27681,-3.60,100.00,67.53
27691,-3.60,100.00,67.43
27701,-3.60,100.00,67.33
27711,-3.60,100.00,67.23
27721,-3.60,100.00,67.13
27731,-3.60,100.00,67.03
27741,-3.60,100.00,66.93
27751,-3.60,100.00,66.83
27761,-3.60,100.00,66.73
27771,-3.60,100.00,66.63
27781,-3.60,100.00,66.52
27791,-3.60,100.00,66.42
27801,-3.60,100.00,66.31
27811,-3.60,100.00,66.21
27821,-3.60,100.00,66.10
27831,-3.60,100.00,65.99
27841,-3.60,100.00,65.89
27851,-3.60,100.00,65.78
27861,-3.60,100.00,65.67
27871,-3.60,100.00,65.56
27881,-3.60,100.00,65.45
27891,-3.60,100.00,65.34
27901,-3.61,100.00,65.23
27911,-3.60,100.00,65.11
27921,-3.60,100.00,65.00
27931,-3.60,100.00,64.89
27941,-3.60,100.00,64.78
27951,-3.61,100.00,64.66
27961,-3.61,100.00,64.55
27971,-3.61,100.00,64.43
27981,-3.61,100.00,64.31
27991,-3.61,100.00,64.20
28001,-3.61,100.00,64.08
28011,-3.60,100.00,63.96
28021,-3.60,100.00,63.84
28031,-3.60,100.00,63.72
28041,-3.60,100.00,63.60
28051,-3.60,100.00,63.48
28061,-3.61,100.00,63.36
28071,-3.61,100.00,63.24
28081,-3.61,100.00,63.12
28091,-3.61,100.00,62.99
28101,-3.61,100.00,62.87
28111,-3.60,100.00,62.75
28121,-3.60,100.00,62.62
28131,-3.60,100.00,62.50
28141,-3.60,100.00,62.37
28151,-3.61,100.00,62.24
28161,-3.61,100.00,62.12
28171,-3.61,100.00,61.99
28181,-3.61,100.00,61.86
28191,-3.61,100.00,61.73
28201,-3.61,100.00,61.60
28211,-3.61,100.00,61.47
28221,-3.61,100.00,61.34
28231,-3.61,100.00,61.21
28241,-3.61,100.00,61.08
28251,-3.61,100.00,60.95
28261,-3.62,100.00,60.81
28271,-3.62,100.00,60.68
28281,-3.62,100.00,60.55
28291,-3.62,100.00,60.41
28301,-3.62,100.00,60.28
28311,-3.62,100.00,60.14
28321,-3.61,100.00,60.00
28331,-3.61,100.00,59.87
28341,-3.61,100.00,59.73
28351,-3.61,100.00,59.59
28361,-3.61,100.00,59.45
28371,-3.62,100.00,59.31
28381,-3.62,100.00,59.18
28391,-3.62,100.00,59.04
28401,-3.62,100.00,58.89
28411,-3.62,100.00,58.75
28421,-3.62,100.00,58.61
28431,-3.61,100.00,58.47
28441,-3.61,100.00,58.33
28451,-3.61,100.00,58.18
28461,-3.61,100.00,58.04
28471,-3.61,100.00,57.90
28481,-3.61,100.00,57.75
28491,-3.61,100.00,57.61
28501,-3.61,100.00,57.46
28511,-3.62,100.00,57.32
28521,-3.62,100.00,57.17
28531,-3.62,100.00,57.02
28541,-3.62,100.00,56.87
28551,-3.62,100.00,56.73
28561,-3.63,100.00,56.58
28571,-3.63,100.00,56.43
28581,-3.63,100.00,56.28
28591,-3.63,100.00,56.13
28601,-3.63,100.00,55.98
28611,-3.63,100.00,55.83
28621,-3.63,100.00,55.68
28631,-3.63,100.00,55.53
28641,-3.63,100.00,55.37
28651,-3.63,100.00,55.22
28661,-3.63,100.00,55.07
28671,-3.63,100.00,54.91
28681,-3.63,100.00,54.76
28691,-3.63,100.00,54.61
28701,-3.63,100.00,54.45
28711,-3.63,100.00,54.30
28721,-3.62,100.00,54.14
28731,-3.62,100.00,53.98
28741,-3.62,100.00,53.83
28751,-3.62,100.00,53.67
28761,-3.63,100.00,53.51
28771,-3.63,100.00,53.35
28781,-3.63,100.00,53.20
28791,-3.63,100.00,53.04
28801,-3.63,100.00,52.88
28811,-3.63,100.00,52.72
28821,-3.63,100.00,52.56
28831,-3.62,100.00,52.40
28841,-3.63,100.00,52.24
28851,-3.62,100.00,52.08
28861,-3.63,100.00,51.92
28871,-3.63,100.00,51.76
28881,-3.63,100.00,51.59
28891,-3.63,100.00,51.43
28901,-3.63,100.00,51.27
28911,-3.63,100.00,51.11
28921,-3.63,100.00,50.94
28931,-3.62,100.00,50.78
28941,-3.63,100.00,50.62
28951,-3.63,100.00,50.45
28961,-3.63,100.00,50.29
28971,-3.63,100.00,50.12
28981,-3.63,100.00,49.96
28991,-3.63,100.00,49.79
29001,-3.63,100.00,49.63
29011,-3.63,100.00,49.46
29021,-3.63,100.00,49.29
29031,-3.63,100.00,49.13
29041,-3.63,100.00,48.96
29051,-3.63,100.00,48.79
29061,-3.63,100.00,48.63
29071,-3.63,100.00,48.46
29081,-3.64,100.00,48.29
29091,-3.63,100.00,48.12
29101,-3.63,100.00,47.95
29111,-3.63,100.00,47.78
29121,-3.63,100.00,47.62
29131,-3.63,100.00,47.45
29141,-3.62,100.00,47.28
29151,-3.62,100.00,47.11
29161,-3.62,100.00,46.94
29171,-3.62,100.00,46.77
29181,-3.62,100.00,46.60
29191,-3.62,100.00,46.43
29201,-3.63,100.00,46.26
29211,-3.63,100.00,46.08
29221,-3.63,100.00,45.91
29231,-3.63,100.00,45.74
29241,-3.62,100.00,45.57
29251,-3.62,100.00,45.40
29261,-3.62,100.00,45.23
29271,-3.62,100.00,45.06
29281,-3.62,100.00,44.88
29291,-3.62,100.00,44.71
29301,-3.62,100.00,44.54
29311,-3.62,100.00,44.37
29321,-3.62,100.00,44.19
29331,-3.62,100.00,44.02
29341,-3.62,100.00,43.85
29351,-3.62,100.00,43.67
29361,-3.62,100.00,43.50
29371,-3.63,100.00,43.33
29381,-3.63,100.00,43.16
29391,-3.63,100.00,42.98
29401,-3.63,100.00,42.81
29411,-3.63,100.00,42.63
29421,-3.63,100.00,42.46
29431,-3.63,100.00,42.29
29441,-3.63,100.00,42.11
29451,-3.63,100.00,41.94
29461,-3.63,100.00,41.77
29471,-3.63,100.00,41.59
29481,-3.63,100.00,41.42
29491,-3.64,100.00,41.24
29501,-3.64,100.00,41.07
29511,-3.63,100.00,40.90
29521,-3.63,100.00,40.72
29531,-3.63,100.00,40.55
29541,-3.63,100.00,40.37
29551,-3.63,100.00,40.20
29561,-3.63,100.00,40.03
29571,-3.63,100.00,39.85
29581,-3.63,100.00,39.68
29591,-3.63,100.00,39.50
29601,-3.63,100.00,39.33
29611,-3.63,100.00,39.16
29621,-3.63,100.00,38.98
29631,-3.63,100.00,38.81
29641,-3.63,100.00,38.64
29651,-3.63,100.00,38.46
29661,-3.63,100.00,38.29
29671,-3.63,100.00,38.12
29681,-3.63,100.00,37.94
29691,-3.63,100.00,37.77
29701,-3.63,100.00,37.60
29711,-3.63,100.00,37.42
29721,-3.64,100.00,37.25
29731,-3.64,100.00,37.08
29741,-3.63,100.00,36.90
29751,-3.63,100.00,36.73
29761,-3.63,100.00,36.56
29771,-3.63,100.00,36.39
29781,-3.64,100.00,36.22
29791,-3.64,100.00,36.04
29801,-3.65,100.00,35.87
29811,-3.65,100.00,35.70
29821,-3.64,100.00,35.53
29831,-3.64,100.00,35.36
29841,-3.64,100.00,35.19
29851,-3.64,100.00,35.02
29861,-3.64,100.00,34.85
29871,-3.64,100.00,34.68
29881,-3.64,100.00,34.51
29891,-3.65,100.00,34.34
29901,-3.65,100.00,34.17
29911,-3.65,100.00,34.00
29921,-3.65,100.00,33.83
29931,-3.65,100.00,33.66
29941,-3.65,100.00,33.49
29951,-3.65,100.00,33.32
29961,-3.65,100.00,33.16
29971,-3.66,100.00,32.99
29981,-3.66,100.00,32.82
29991,-3.66,100.00,32.65
30001,-3.66,100.00,32.49
30011,-3.66,100.00,32.32
30021,-3.66,100.00,32.16
30031,-3.66,100.00,31.99
30041,-3.65,100.00,31.82
30051,-3.65,100.00,31.66
30061,-3.65,100.00,31.50
30071,-3.65,100.00,31.33
30081,-3.65,100.00,31.17
30091,-3.66,100.00,31.00
30101,-3.66,100.00,30.84
30111,-3.66,100.00,30.68
30121,-3.66,100.00,30.52
30131,-3.65,100.00,30.35
30141,-3.65,100.00,30.19
30151,-3.64,100.00,30.03
30161,-3.65,100.00,29.87
30171,-3.65,100.00,29.71
30181,-3.66,100.00,29.55
30191,-3.66,100.00,29.39
30201,-3.66,100.00,29.23
30211,-3.66,100.00,29.08
30221,-3.65,100.00,28.92
30231,-3.65,100.00,28.76
30241,-3.65,100.00,28.61
30251,-3.64,100.00,28.45
30261,-3.64,100.00,28.29
30271,-3.64,100.00,28.14
30281,-3.65,100.00,27.98
30291,-3.65,100.00,27.83
30301,-3.66,100.00,27.68
30311,-3.66,100.00,27.52
30321,-3.65,100.00,27.37
30331,-3.64,100.00,27.22
30341,-3.64,100.00,27.07
30351,-3.63,100.00,26.92
30361,-3.64,100.00,26.77
30371,-3.65,100.00,26.62
30381,-3.65,100.00,26.47
30391,-3.66,100.00,26.32
30401,-3.66,99.95,26.17
30411,-3.66,100.00,26.03
30421,-3.66,100.00,25.88
30431,-3.65,100.00,25.73
30441,-3.64,100.00,25.59
30451,-3.64,100.00,25.44
30461,-3.64,100.00,25.30
